CustomerID,FirstName,LastName,Email,Phone,Country,City,JoinDate
1,Danielle,Johnson,john21@example.net,001-581-896-0013x3890,Cyprus,Lawrencetown,2023-02-03
2,Helen,Peterson,jasongallagher@example.org,361-855-9407,Belgium,Mariastad,2024-11-12
3,James,Jones,kendragalloway@example.org,664-375-2553,New Caledonia,New Jessica,2023-02-08
4,Steven,Nelson,gabriellecameron@example.org,505.964.1395,Indonesia,Thomasberg,2023-06-18
5,Julie,Ryan,zhurst@example.com,828.371.0122,Hungary,Carlsonmouth,2024-08-29
6,John,Tran,frazierdanny@example.net,001-645-514-6270x48281,Cape Verde,Kathrynside,2024-08-31
7,Samantha,George,xsmith@example.com,403.491.1718,Palestinian Territory,Arroyoburgh,2023-07-16
8,Allison,Obrien,sarahcampos@example.net,546.357.8713,Guadeloupe,New Angelashire,2023-05-08
9,Adrian,Zimmerman,perezrebecca@example.com,983-547-3829,Slovenia,Aguirreborough,2022-10-24
10,Collin,Jordan,ujenkins@example.org,+1-610-965-1333x87262,Egypt,South Lindseyside,2022-10-30
11,Brent,Kidd,novaksara@example.org,(267)873-6026,Estonia,Mitchellside,2025-03-24
12,Jennifer,Moore,jeff09@example.net,+1-405-200-9788,Malawi,Port Jacobland,2025-04-13
13,Michelle,Powell,bethwilliams@example.org,(799)385-4353x46247,Algeria,Howellshire,2022-11-02
14,Charles,Lewis,david51@example.org,(442)678-4980x841,Brazil,Lake Angelaview,2023-08-11
15,Cassandra,Robbins,gracefarrell@example.net,840.216.4005x2427,Bouvet Island (Bouvetoya),Lake Rebeccaside,2022-07-25
16,Mary,Aguilar,russellwilliams@example.com,4535315869,Tonga,Port Lisa,2024-03-01
17,Angel,Doyle,kimberly63@example.com,(616)507-3375,Czech Republic,Lake Jamesmouth,2023-08-06
18,Michelle,Rasmussen,michael86@example.net,+1-350-814-2940,Guatemala,Samuelhaven,2022-11-26
19,Paul,Ray,bradley60@example.net,+1-635-661-5951,Papua New Guinea,Nguyenport,2024-10-08
20,David,Fisher,lbyrd@example.net,001-746-980-4436,Kenya,Lowehaven,2024-06-04
21,Laura,Moyer,donnacampbell@example.net,+1-395-913-4332x0037,Israel,Lake Heather,2024-07-06
22,Reginald,Hernandez,staffordmichelle@example.org,001-763-928-7083x17278,New Zealand,Rivasside,2024-04-22
23,Phyllis,Manning,wcole@example.org,+1-348-473-4714x3455,Canada,South Heather,2023-04-28
24,Caleb,Russell,nperry@example.com,(590)996-7054x6688,Cyprus,Ryantown,2024-01-25
25,Matthew,Shelton,dramsey@example.org,+1-280-669-9016x272,Hong Kong,Jasonmouth,2023-11-06
26,Kathleen,Gray,fking@example.com,5802531003,Nigeria,East David,2025-04-04
27,Danny,Gould,xlyons@example.com,(699)812-4190,Indonesia,North Brittany,2025-01-29
28,John,Terry,melissa91@example.net,8589651850,Botswana,Yumouth,2023-01-23
29,Ryan,Gross,christina87@example.com,(294)953-1473x79965,Thailand,Hunterborough,2023-12-03
30,Lauren,Peterson,angela83@example.org,367.683.7770,Cyprus,Holtport,2025-03-27
31,Bonnie,Kennedy,ronald85@example.com,001-574-544-3135x182,Saint Vincent and the Grenadines,Hillshire,2024-08-22
32,Candice,Hooper,kennethward@example.com,9823400842,Tunisia,New Justinfort,2024-04-14
33,Matthew,Sheppard,shelley71@example.org,(871)590-2294x1318,Singapore,Hayesmouth,2023-09-04
34,Michelle,Branch,ashley09@example.net,333-441-2328,Afghanistan,Hayesfort,2023-08-26
35,Antonio,Roberts,jacqueline71@example.net,649.436.1832,Barbados,East Laurashire,2023-08-22
36,Scott,Harrison,holly48@example.net,271.690.6594x0139,Morocco,Port Katelynfort,2024-08-14
37,Denise,Moon,wendygraham@example.com,875-965-5125,France,Cervantesside,2022-07-27
38,Shawn,Edwards,darrell68@example.org,+1-487-660-3859x77034,Kazakhstan,Martinezbury,2023-02-01
39,Lance,Smith,hdavis@example.com,527-948-4677,Micronesia,South James,2024-12-17
40,William,Suarez,hillkristy@example.com,784-804-4997x27875,Korea,Mollybury,2024-11-04
41,Patrick,Chase,vwilliams@example.com,001-366-927-0289x517,American Samoa,South Monica,2023-01-25
42,Charles,Harrington,matthew61@example.com,+1-386-357-8091x34316,Kenya,Lake Kevin,2022-07-14
43,Brandon,Flynn,michael62@example.org,569.922.2196x93792,Northern Mariana Islands,Stevetown,2024-05-22
44,Rachel,Byrd,charleslandry@example.net,664-674-3671x3695,Angola,Hillshire,2025-04-30
45,Kimberly,Beltran,swall@example.org,+1-753-439-4210x470,Bermuda,Markchester,2023-02-27
46,James,Buchanan,alyssa42@example.com,245.617.1236x8516,Mauritania,South Miguelview,2024-11-24
47,Parker,Little,daniel37@example.org,+1-285-693-1746x120,Lithuania,North Jimmyside,2022-12-27
48,Paul,Watson,umatthews@example.org,(717)796-4053x77351,Bahamas,Hillville,2024-05-06
49,Christopher,Lewis,williamsmatthew@example.org,001-431-283-9335,Falkland Islands (Malvinas),East Amber,2023-02-26
50,Daniel,Delacruz,alexistyler@example.org,001-350-324-0268,Lebanon,Stricklandhaven,2024-12-08
51,Daniel,Gordon,acostaregina@example.net,447.300.7661x77115,Brunei Darussalam,Claudiashire,2024-09-28
52,Jennifer,James,shawn96@example.org,001-318-736-7365x766,Japan,Elizabethstad,2023-01-23
53,Gloria,Wells,deckerchristopher@example.org,001-252-680-9885x1656,Netherlands Antilles,Michaelshire,2024-07-27
54,Jason,Douglas,melaniebell@example.net,(614)293-6899x809,Cocos (Keeling) Islands,Jacquelineport,2023-11-09
55,Michael,White,ashleymorales@example.org,001-301-283-6675x2545,Cape Verde,Port Christine,2025-04-11
56,Christopher,Ramos,ctucker@example.com,238-515-6149x784,Indonesia,North Jamesborough,2022-12-30
57,Kathryn,Roberts,smithjulie@example.org,(268)838-8516,Andorra,Morsemouth,2024-11-10
58,Ruben,Sullivan,zroberts@example.org,829-675-1613x69681,Samoa,Jeffreyburgh,2022-09-26
59,William,Wilson,rebeccabailey@example.net,+1-923-912-4329x2127,Pitcairn Islands,Michellemouth,2023-01-20
60,Scott,Harrison,laura90@example.com,814.977.0054x11998,Mozambique,South Reginashire,2025-03-08
61,Jacob,Jacobs,susanhayes@example.com,001-718-720-3778x892,United States Virgin Islands,Paulmouth,2025-04-19
62,Carla,Mccormick,cameron18@example.net,(344)692-5192x5462,Monaco,Schneidermouth,2022-12-15
63,Elizabeth,Calderon,lucasrodney@example.com,4544235733,Belarus,Meganville,2024-07-27
64,Kelli,Conley,stanleynancy@example.net,(296)822-2927,Haiti,South Cheryl,2024-04-27
65,Jesus,Allen,mmckee@example.com,+1-297-974-6886x23924,Tunisia,Angelaville,2024-08-09
66,Melissa,Mitchell,joshuawhitehead@example.org,(713)575-0606x85361,Antarctica (the territory South of 60 deg S),Sarahmouth,2023-01-12
67,Devin,Mitchell,ihorton@example.net,379.601.0432x8986,Dominica,Davidbury,2024-03-13
68,Danielle,Dean,rodriguezrebecca@example.net,+1-708-593-2460,Montserrat,Lopezland,2024-08-21
69,Theresa,Jones,myerstheodore@example.net,(754)705-1531x9520,Suriname,Port Kimberly,2024-05-21
70,Tina,Mendoza,lisabrown@example.com,8439030548,El Salvador,Port Deborahport,2023-12-06
71,Michelle,Williams,joshua56@example.com,001-876-452-7758x4161,Mayotte,Manuelland,2023-10-22
72,Donna,Parker,cjackson@example.com,205.496.4016x582,Thailand,Johnsonland,2023-06-01
73,Kimberly,Diaz,cherring@example.net,(775)857-1928,Germany,Johnville,2022-07-10
74,Jill,Porter,hmcintyre@example.com,001-347-739-4731x21727,Papua New Guinea,Jennaside,2024-09-19
75,Kelly,Evans,jenniferho@example.net,(258)731-3237,Micronesia,Tannerside,2022-12-18
76,Cheryl,Miller,raymond78@example.com,001-469-412-5177x85289,Jersey,Port Davidberg,2023-09-15
77,Fred,Morris,michaeleverett@example.com,343-484-2498,Nauru,East Donna,2024-12-26
78,Matthew,Bradshaw,bryananthony@example.org,+1-594-839-6907x8447,French Southern Territories,Joneston,2023-01-31
79,Scott,Washington,matthewthomas@example.net,556-425-8815x37147,Bhutan,West Soniachester,2023-06-20
80,Sydney,Barrera,sarah53@example.org,787.274.7016x8733,Australia,Troyfort,2023-08-17
81,Amanda,Boone,qanderson@example.net,(365)806-0983x584,Madagascar,Duranview,2025-01-23
82,Erin,Wilson,longlaura@example.com,+1-252-239-8680,Burundi,Lindahaven,2024-05-09
83,Eduardo,Barry,markaustin@example.org,(794)795-8887x9470,Peru,South Brandytown,2024-12-13
84,Thomas,Coffey,jennifersilva@example.org,896.523.0913x07562,Isle of Man,Salaston,2022-12-31
85,April,Hoffman,ufox@example.org,685.585.4973x348,Western Sahara,Kellieborough,2025-05-07
86,Janet,Stewart,ann44@example.org,001-386-765-2404,Uzbekistan,Douglasfort,2023-04-28
87,James,Ryan,derrick99@example.org,908.333.0165,Pitcairn Islands,North Tamara,2023-01-31
88,Richard,Donovan,mwoods@example.com,440-619-3802x62067,Turkey,North Kennethville,2023-11-02
89,Justin,Hays,ismall@example.net,543.415.2742x054,New Zealand,Wilcoxhaven,2023-10-22
90,Christopher,Caldwell,tinawoods@example.org,2466374549,Palau,Heatherton,2025-04-02
91,David,Parker,tparks@example.com,001-714-859-3327x279,Reunion,Toddborough,2023-06-19
92,Erin,Larson,foxallison@example.com,491-408-8398,Greece,Wilsonborough,2024-11-21
93,Tracy,Nolan,dstokes@example.org,367.290.8740x64039,Jamaica,Isabellaside,2022-09-01
94,Sarah,Jones,ajohnson@example.org,001-826-456-7661x82512,Saint Lucia,Port Adam,2022-07-05
95,Tiffany,Ford,opatel@example.org,352.343.1069x033,Nepal,South Carlaton,2023-06-15
96,Joy,Morales,amberwebster@example.org,(584)639-5995,Turkey,Lake Adriana,2024-03-03
97,Kevin,Brown,conniesimmons@example.com,8564856624,Saudi Arabia,Allenbury,2023-09-10
98,Meredith,Thomas,jmelendez@example.com,(588)226-3435x17518,Ethiopia,Nunezton,2022-09-21
99,Jacob,Gill,timothybooth@example.com,603-831-7393x6385,Lao People's Democratic Republic,Kylestad,2024-08-04
100,Nicole,Owens,ugill@example.org,(856)609-3204x899,Cape Verde,West Jerry,2024-11-01
101,Martha,Porter,jonathan77@example.com,(252)328-7280,Western Sahara,Port Adamberg,2025-02-03
102,Jesse,Mann,robinsonstephen@example.org,+1-697-670-0886x008,Andorra,Drakeburgh,2022-11-13
103,Samantha,Warren,jamesfox@example.com,361-856-7933x410,Hong Kong,Tranton,2025-02-13
104,Albert,Jackson,pbruce@example.com,001-218-303-3974,Poland,Rachelshire,2025-03-18
105,Antonio,Mcfarland,alexis39@example.org,001-761-242-9396x85621,Bolivia,Hallland,2023-11-11
106,Cassie,Austin,unovak@example.org,+1-647-573-5866x2961,Rwanda,North Josephfurt,2025-02-08
107,Eric,Price,daniel04@example.com,(341)221-2678x886,Benin,Angelamouth,2024-01-19
108,Alexander,Gutierrez,hardyanita@example.org,001-982-462-2444,Bahrain,South Joshua,2023-09-08
109,Todd,Jones,sheryl79@example.net,871.724.0659,Kazakhstan,Ryanberg,2023-09-09
110,Malik,Valentine,timothythompson@example.com,447-293-5646x51939,Zambia,Hahnborough,2024-04-11
111,Lauren,Guerra,fuenteslaura@example.com,+1-872-843-4266x17979,Mayotte,Port Tanyaside,2024-12-08
112,Danielle,Miller,dianekelly@example.net,+1-509-965-6101x438,Holy See (Vatican City State),Fordshire,2025-05-07
113,Vincent,Cooper,webbkenneth@example.org,725-945-7387,Bhutan,Bowenmouth,2023-10-08
114,Carlos,Williams,johnsonmatthew@example.org,+1-423-882-8258x67362,Indonesia,Lake Christinaborough,2024-04-28
115,Brittany,Price,jamiegoodwin@example.org,001-618-925-5371,Marshall Islands,Candicefurt,2024-11-27
116,Danny,Bell,rwilliamson@example.net,899-812-5134x1252,Nepal,New Patrick,2023-03-15
117,Tommy,Medina,angelaburns@example.org,(557)890-5072,Monaco,Ortizfort,2024-03-06
118,Jennifer,Wallace,christopherjohnson@example.org,304-638-4279x7881,Singapore,Amberton,2024-04-15
119,Amy,Fritz,fitzgeralddesiree@example.org,807-445-1713x3959,Nicaragua,Port Jamie,2023-04-17
120,Linda,Hudson,candice25@example.net,449-748-1260x4223,Switzerland,Port Megan,2024-01-31
121,Tracy,Ray,courtney67@example.org,+1-716-384-5775x9017,South Africa,Robinsonchester,2023-04-25
122,Troy,Morris,matthew92@example.net,550.401.7012x7706,Turkmenistan,Erikview,2022-10-22
123,Diamond,Wright,elizabeth20@example.com,+1-943-261-1037x1293,Algeria,Lisachester,2025-05-13
124,David,Jones,zdavis@example.org,255-442-6221,Kazakhstan,Jenniferberg,2024-02-29
125,Christina,Ramos,christophergarcia@example.org,001-565-665-2341,Slovakia (Slovak Republic),Port Melanieport,2023-04-15
126,April,Hicks,dphillips@example.org,861.737.9180x5526,Mayotte,Port Thomas,2022-09-21
127,Alvin,Jones,jason06@example.net,386-566-1889x2414,Sri Lanka,New Mark,2024-11-26
128,Cynthia,Davenport,collinssamuel@example.org,6314617990,British Indian Ocean Territory (Chagos Archipelago),Lake Derricktown,2023-02-09
129,Tyler,Reed,gary24@example.net,305-964-8149,Korea,Brianshire,2023-02-14
130,Michael,Scott,shannonemily@example.org,880.400.3075,Christmas Island,New Lindachester,2023-05-14
131,Marc,Butler,joseph19@example.com,980-623-8061,Singapore,Markside,2024-05-09
132,Alan,Gonzalez,jodi37@example.com,001-573-783-2060,North Macedonia,West Aaronfurt,2023-09-20
133,Dalton,Moreno,robertwoodward@example.org,001-441-803-8657x191,Belarus,South Elaineberg,2023-06-02
134,Kelly,Rosales,vhaynes@example.com,774-831-3291x21277,British Indian Ocean Territory (Chagos Archipelago),Tamiborough,2024-05-02
135,Kyle,Baker,davislindsey@example.com,001-690-635-2135x680,Svalbard & Jan Mayen Islands,North Stephanie,2024-05-02
136,Angela,Pierce,murraylinda@example.org,600-332-3651,Angola,East Rachelmouth,2022-12-17
137,Christopher,Boone,david70@example.org,001-566-470-6625,Falkland Islands (Malvinas),Seanberg,2022-07-23
138,Christina,Jensen,victor87@example.org,246-826-3838,Slovenia,Timothyfort,2023-11-16
139,Roberta,Shaw,bnelson@example.com,+1-530-540-7859x321,Ethiopia,Port Wendybury,2024-11-10
140,Meghan,Salinas,savannah22@example.org,001-555-990-5992,Mauritius,Gregoryton,2022-10-18
141,Brian,Guzman,foxaaron@example.net,425.325.0029,Tanzania,Susanstad,2025-05-29
142,Sheri,Foster,rogersmarcus@example.org,001-667-452-8953x9264,Christmas Island,Lake Stacyfurt,2024-10-28
143,Antonio,Guzman,daniellegarcia@example.com,(951)235-5215,Estonia,East Heather,2023-11-26
144,Jonathan,Rodriguez,williamssamuel@example.com,(567)465-8617,Korea,Port Meganport,2022-07-01
145,Lucas,Lynn,petersonpamela@example.org,001-418-215-9970x6296,Bolivia,Jamieborough,2024-02-25
146,Heidi,Bowen,donna43@example.org,8693872050,French Polynesia,Gonzaleztown,2023-04-17
147,George,Carter,wellsdarrell@example.com,674.918.6256x5270,Lao People's Democratic Republic,Jeremyview,2024-10-23
148,Bryan,Goodwin,millermaurice@example.net,(393)880-6868x79374,United Kingdom,New Ashleyhaven,2024-11-03
149,Erica,Oliver,averyshane@example.org,632.706.1632,United States Minor Outlying Islands,North Paulfurt,2024-10-04
150,Mark,Hill,astark@example.net,+1-398-361-6229x991,Solomon Islands,Mikaylastad,2024-02-28
151,Joseph,Pena,rjohnson@example.com,(999)660-6530,Ukraine,Andrewport,2023-09-26
152,Juan,Vasquez,comptonjeremy@example.com,001-775-246-9137x3678,Malaysia,North Larry,2024-07-26
153,Richard,Deleon,thompsonnancy@example.org,9308705345,North Macedonia,Lake Anthonystad,2024-06-28
154,Brooke,Thompson,wmatthews@example.com,(541)540-6029,Oman,Lake Jamie,2025-03-08
155,Robert,Smith,wellsdavid@example.org,+1-503-949-4466x574,Gabon,Silvatown,2024-08-02
156,Yvonne,Levy,anna99@example.com,517-215-4544x4328,Sri Lanka,Guerreroberg,2022-07-09
157,Diana,Bright,rebecca66@example.net,6994353875,Tajikistan,West Connor,2022-12-15
158,Joyce,Hardy,staceylam@example.net,635-934-6554,Thailand,South Brianshire,2024-11-17
159,Sheryl,Jones,vincentdillon@example.com,346.902.2356x97252,Grenada,West Cynthia,2022-06-07
160,Shannon,Clark,barbaramoore@example.org,(296)566-6760,Saint Martin,Stephaniemouth,2024-09-01
161,James,Rhodes,jeremywiley@example.com,(616)689-4210,Korea,Ryanberg,2023-11-14
162,Wendy,Henry,frederickmeadows@example.com,3337230982,Rwanda,South Nancyview,2024-09-07
163,Cindy,Wheeler,stanleydesiree@example.org,4165761847,Puerto Rico,West Robertville,2025-03-25
164,Abigail,Dean,robertroach@example.net,001-791-841-1739x3483,French Polynesia,North Amy,2023-04-18
165,Haley,Castillo,aaronpowers@example.org,001-972-618-1143,Estonia,Williamsburgh,2022-07-31
166,Melissa,Ward,ronald11@example.org,7227557941,Cocos (Keeling) Islands,South Ricardomouth,2023-07-27
167,Mary,Vaughn,pmarsh@example.org,920-421-6979,New Zealand,Maxwelltown,2025-04-28
168,Nichole,Acosta,timothyfreeman@example.com,301.845.0899x358,Panama,South Michael,2025-04-15
169,Darlene,Hernandez,smithsarah@example.net,872.817.5354x0838,Svalbard & Jan Mayen Islands,North Stephen,2024-11-06
170,Shane,Gates,fstewart@example.net,+1-501-966-0880x1994,Zambia,Michaelton,2023-05-12
171,Megan,Rivera,xmoran@example.net,211.430.5548x851,Lithuania,Port Jennifer,2024-02-25
172,Daniel,Carr,davidphelps@example.org,435.916.0917x798,Albania,New Savannahshire,2024-06-19
173,Sandra,Norman,heatherthompson@example.org,569-695-8669,Indonesia,Taramouth,2022-12-24
174,Devon,Morrison,megan85@example.net,001-383-733-9452x2885,Monaco,Aguilarchester,2025-04-12
175,Julie,Skinner,natalie60@example.net,606-620-0342,Cameroon,Lake Kristenborough,2024-09-17
176,Antonio,Cervantes,jensenemma@example.net,886.738.4066,Micronesia,North Juliaborough,2025-01-19
177,Misty,Dalton,ogreer@example.net,001-459-389-3347x212,Honduras,South Joshuaview,2022-12-19
178,Eugene,Singleton,riverajenna@example.org,7253909479,Slovenia,Aliciaburgh,2024-08-16
179,Carlos,Wagner,zdaniels@example.org,(233)355-5439x878,Paraguay,Seanbury,2022-07-31
180,Felicia,Flores,cruzamber@example.com,5857887704,Malaysia,North Garyside,2024-09-05
181,Adrian,Jones,michellecoleman@example.org,386.312.0750,Austria,Port Johnathan,2022-09-17
182,Bailey,Perez,rickey76@example.com,606-618-0919x01581,New Caledonia,West Kathymouth,2024-01-13
183,Randall,Guerrero,omoore@example.org,001-268-842-4508x8210,Mauritania,West Jasonstad,2023-04-24
184,Robert,Brewer,eugenewalker@example.com,612.390.8781,El Salvador,East Jessicafort,2023-10-26
185,Michael,Lambert,craigharvey@example.org,277-759-4929x95562,Egypt,Lake Jodi,2024-04-07
186,Joshua,Ward,natalie77@example.com,001-347-281-2914x28341,Thailand,Port Bonniefurt,2024-12-02
187,Jason,Johnson,amy87@example.net,001-225-563-9427x88165,Thailand,Port Willie,2024-04-23
188,Erik,Knight,jillwebb@example.com,5377314530,Iceland,Hardinton,2022-07-31
189,Tina,Nguyen,mary49@example.net,001-826-565-9184,Maldives,Gomezstad,2024-06-25
190,Laura,Eaton,shawdon@example.org,318.543.2225,Israel,Jenniferfort,2025-04-13
191,Timothy,Clark,deborahjenkins@example.org,4292922809,Chad,Sandrahaven,2024-02-19
192,Carol,Elliott,johnsjessica@example.com,437-497-7236,Nigeria,Garymouth,2024-05-04
193,Candace,Jones,gcruz@example.org,288.362.9127,Bermuda,Hopkinsside,2022-06-01
194,Penny,Hampton,xboyd@example.org,001-686-937-6599x162,Seychelles,Port Christopher,2024-12-15
195,Nancy,Ortiz,adammanning@example.org,001-781-380-6356,Cape Verde,Pearsonview,2023-07-10
196,Melissa,Henderson,cheryl63@example.com,+1-687-725-8874,Singapore,Fitzgeraldville,2023-05-22
197,Sean,Lyons,craigromero@example.com,+1-890-326-0127,Bahrain,Jeffreyland,2025-01-01
198,Benjamin,Cruz,hmendez@example.com,001-590-427-7038x430,Peru,West Johntown,2023-01-30
199,Christopher,Hill,zgomez@example.com,001-738-701-1848,Suriname,Jeremyborough,2024-05-06
200,Sarah,Andrews,gregory81@example.net,684-951-8489,Honduras,Carrillomouth,2024-05-12
201,Erin,Mosley,olsonjonathan@example.com,+1-833-756-5880x4341,Belarus,South Lee,2023-05-05
202,Patricia,Adams,victorgonzalez@example.net,343.333.3952,Uruguay,Lake Stephaniefort,2025-01-08
203,Adam,Vincent,charlesnathan@example.com,894.972.8463x9208,Wallis and Futuna,New Michaelburgh,2024-05-10
204,Tiffany,Wolfe,astewart@example.org,+1-936-791-5594x28434,Haiti,South Rodney,2024-03-12
205,Jaclyn,Watson,lramirez@example.net,(593)414-3866,South Georgia and the South Sandwich Islands,South Linda,2023-03-01
206,Robert,Taylor,kristen44@example.net,001-306-912-0347,Samoa,Jordanstad,2024-10-17
207,Angela,Patrick,andrew15@example.net,+1-339-898-2455x877,Nicaragua,Stevenberg,2023-02-15
208,Danielle,Mcfarland,kwelch@example.com,812-653-5544,Tuvalu,Normanstad,2024-11-27
209,Abigail,Cole,ivanjohnson@example.net,941.232.6111,Anguilla,Warrenland,2022-11-08
210,Jose,Moore,pparker@example.net,672-928-2005x5778,Burkina Faso,New Carla,2025-02-04
211,Kaitlyn,Wiley,omills@example.net,257-283-1745x6424,Mali,West Justin,2024-09-08
212,Alan,Weeks,xevans@example.com,893-808-5368x6632,Cyprus,Christianbury,2024-08-10
213,Kathy,Kent,justin84@example.com,612.924.1797,Comoros,Andrewton,2024-09-08
214,Andrew,Compton,joseph70@example.org,720-973-5647,Qatar,West Christopherberg,2022-08-26
215,Joseph,Long,qwhite@example.com,3135673037,Lebanon,Maldonadoport,2023-10-14
216,Eric,Chandler,kingdanielle@example.org,(803)513-6502x491,Algeria,New Kristenfort,2025-05-04
217,Caitlyn,Watson,wrightvincent@example.net,+1-750-905-2812x735,Saint Martin,North Hannah,2023-12-08
218,Jennifer,King,washingtonsamuel@example.com,+1-673-492-8557,Bangladesh,South Kenneth,2023-07-14
219,Amber,Gibson,bgross@example.net,(693)751-8638x782,Ireland,Danielhaven,2025-03-19
220,Carl,Conley,gregoryjohnson@example.org,531.309.6789x9405,American Samoa,Lake Travis,2022-10-02
221,Taylor,Fowler,angela65@example.net,3943801413,Saint Kitts and Nevis,New Paul,2023-03-27
222,Alicia,Wright,angelagrant@example.net,895-776-1228,Palestinian Territory,New Yesenia,2024-04-18
223,Sarah,Orr,megan66@example.net,293-698-3684x57760,Nepal,New Derekport,2022-06-10
224,Kevin,Walker,andrew48@example.net,+1-499-621-0752,Haiti,East Jonathan,2023-09-09
225,Christopher,Ross,jessicacummings@example.com,(379)219-4096,Uruguay,Michaelchester,2024-03-08
226,Sarah,Martinez,julieatkinson@example.org,+1-460-248-0589x2583,Peru,Maddoxshire,2024-07-23
227,Christopher,Reynolds,vhernandez@example.org,590.986.4168x6227,Indonesia,New Christina,2024-08-22
228,John,Jones,kmorris@example.org,266-655-3559,Chile,Christinamouth,2025-01-23
229,Dustin,Williams,jamesbrooks@example.net,310-639-2405,Korea,Johnsonborough,2024-09-12
230,Jason,Payne,ana92@example.net,001-606-298-0420x439,Lao People's Democratic Republic,North Paulview,2025-03-25
231,Melissa,Keller,smithmichelle@example.net,(936)281-5798x1238,Armenia,New Kevin,2024-06-30
232,Phillip,Moore,gabrielle54@example.org,840.546.0843x25621,Israel,New Eric,2023-09-28
233,Renee,Murphy,jamietaylor@example.net,+1-332-448-2629x25188,Ghana,Lake Anthony,2023-10-08
234,Nicole,Gutierrez,vturner@example.net,001-542-531-2209x9499,Djibouti,West Christopherfort,2022-12-25
235,Wayne,Jacobs,jack67@example.com,(523)530-6046,Saudi Arabia,North Gregory,2024-04-12
236,Michelle,Burns,michelle36@example.com,001-909-965-6999x88081,Sweden,East Aprilfurt,2022-07-30
237,Angela,Black,leescott@example.com,001-347-426-4908x27718,Slovakia (Slovak Republic),South Robert,2024-04-30
238,Angel,Chavez,nicoledavis@example.com,001-421-811-7518x689,Mexico,Williamsburgh,2023-11-02
239,Ariana,Keller,fernandothomas@example.net,5642474212,Nigeria,Alexanderfort,2024-07-13
240,Amy,Smith,lyoung@example.net,576.271.9903x8498,Colombia,North Denise,2022-07-27
241,Dustin,Johnson,mark10@example.org,(622)749-9982x79501,Heard Island and McDonald Islands,Wilkinschester,2024-10-02
242,Calvin,Ruiz,nealjoshua@example.net,(783)639-0198x17946,Malta,Sarashire,2024-07-10
243,April,Welch,nmorton@example.org,001-243-701-0713x966,Guernsey,North Danielle,2025-05-06
244,Juan,Tyler,kevin85@example.org,755-769-9023,Uzbekistan,Hendrickston,2025-02-26
245,Derek,Moore,imcclain@example.com,760.784.9588x039,Bahrain,West Mary,2023-11-08
246,Tonya,Sims,ashleyprice@example.net,745-904-6173,Switzerland,Javierport,2023-02-26
247,Daniel,Glover,robinwallace@example.org,582.235.7845x2182,Kuwait,Reeveshaven,2022-11-26
248,Adam,Randolph,cookpamela@example.org,340.694.3533x44857,Canada,West Danny,2025-01-22
249,Anita,Garcia,andrea42@example.net,993-221-4958x7020,Botswana,Brownchester,2024-01-29
250,Harold,Carlson,tjensen@example.com,981.679.2171,Poland,Ruizbury,2023-01-09
251,Michelle,Jensen,philip55@example.com,401.371.5772x4599,Iraq,West Angelaland,2023-09-12
252,Amanda,Morales,pallen@example.net,(776)515-3966,China,Lake Sarahshire,2024-06-24
253,Danny,Carlson,angela72@example.com,(219)419-6570x1329,Panama,South Amanda,2024-01-26
254,Christina,West,erinstewart@example.net,+1-246-251-9098x62405,Romania,Danielport,2022-07-18
255,Joe,Park,tgarrett@example.com,(466)683-2723x8656,Tunisia,East Alexander,2025-03-03
256,Alfred,Griffith,ibarrett@example.org,(867)996-9278,Hungary,Jeremiahchester,2024-12-25
257,Adrian,Jimenez,jenniferadams@example.net,001-950-309-7519,Cambodia,Stevenland,2024-08-21
258,Pamela,Davis,qmccoy@example.net,989-949-0580,Malaysia,Berrymouth,2024-03-15
259,Michael,Levine,keith09@example.net,994-307-9290x4904,Brunei Darussalam,Port Kristenview,2022-12-22
260,Christina,Hill,alexis19@example.org,001-227-752-4372,Belize,New Sarah,2023-01-25
261,Mary,Mullins,ptownsend@example.net,923.695.0410x276,Lebanon,South Frances,2024-01-26
262,Thomas,Thomas,zsmith@example.com,(358)601-8569x4544,Palau,Murraybury,2025-04-08
263,Brianna,Lee,erica25@example.net,7015061817,Saint Kitts and Nevis,Johnathanton,2022-07-06
264,Christine,Brown,stephanielittle@example.net,619-626-9212,Lao People's Democratic Republic,Lake Shawnview,2024-03-24
265,Heather,Contreras,jonathan14@example.org,(465)904-4271x7396,Botswana,New Kayla,2023-05-05
266,Christina,Rodriguez,gbaldwin@example.org,219-847-0720,Ethiopia,Lake Mark,2024-01-28
267,Autumn,Robertson,zmendoza@example.net,001-218-330-6719x85546,Haiti,Christophermouth,2023-08-24
268,Deborah,Thompson,poncedonna@example.com,001-561-957-1732x030,Iceland,Port Amberport,2024-07-15
269,Amanda,Flowers,blevy@example.org,205-406-1387x82931,Liechtenstein,South Rebeccaton,2023-06-11
270,Jacqueline,Anderson,cynthiaconway@example.org,592.891.1179x931,Guadeloupe,Nguyenshire,2024-09-25
271,Derrick,Copeland,kathrynwatkins@example.com,914-526-2582,Uzbekistan,East Craigfurt,2023-01-31
272,Alexis,Tucker,smithsara@example.net,+1-494-267-2324x8763,Nepal,Lake Vincent,2022-10-14
273,Courtney,Patton,robert83@example.org,581-695-8837,Austria,North Laura,2025-04-29
274,Megan,Pruitt,qthompson@example.org,2543364597,Saint Vincent and the Grenadines,New Gregorytown,2024-06-22
275,Zachary,Jones,jenniferwatkins@example.com,(935)931-5313x63631,Austria,Thomasmouth,2023-03-03
276,Paul,Taylor,crystalcantrell@example.org,620-490-4217x76253,Somalia,New Tara,2023-05-22
277,Christopher,Vincent,natkins@example.net,274.806.3356x9392,Aruba,South Jessicahaven,2022-07-22
278,Ronald,Foster,chavezjohn@example.net,001-206-932-5431x07427,Kyrgyz Republic,Port Jacqueline,2023-03-14
279,Kristy,Wood,apadilla@example.net,565-380-4649,Niger,Jillton,2024-08-07
280,Sierra,Leonard,rodriguezmichael@example.net,7555281832,Mauritius,Lake Timothyshire,2025-05-26
281,Jason,Mcgee,lukehurst@example.net,+1-664-901-5577x88178,Niger,Laurenland,2023-03-19
282,Patricia,Ellis,myersharold@example.org,224-612-7238,Israel,South Michael,2024-04-19
283,Joan,Smith,bryanwiggins@example.org,456.695.5798x87749,Chile,Jeremystad,2023-08-21
284,Kayla,Williams,justin29@example.org,001-484-922-2231x059,Eritrea,Jackside,2022-07-23
285,Elizabeth,Spence,nathanfernandez@example.org,+1-441-206-7275,Saint Vincent and the Grenadines,Deborahport,2024-06-05
286,Paula,Montes,laurenchandler@example.com,317-702-8140x69375,Azerbaijan,New Alicia,2023-08-05
287,James,Miller,frhodes@example.net,(837)759-9805x6265,American Samoa,Michaelport,2024-04-22
288,Nancy,Miller,afigueroa@example.com,726-362-9912x3478,Venezuela,Davischester,2025-02-16
289,Robin,Perry,wpage@example.org,626.948.7049,Monaco,Walkertown,2023-01-25
290,Jose,Blanchard,qmartinez@example.com,(827)630-1471x95979,Niue,Mccannville,2023-12-31
291,William,Johnston,francisco02@example.com,325.520.4565x044,Seychelles,Port Cody,2023-02-14
292,Amy,Brennan,joseph51@example.net,001-852-702-8457,Uruguay,North Jeffery,2024-07-20
293,Jeffrey,Lopez,butlersabrina@example.org,(707)454-5279,Russian Federation,Anthonyville,2023-05-11
294,David,Benson,kyleclark@example.org,(311)607-6031x08907,Aruba,West Elizabethville,2022-12-09
295,Samantha,Harris,jackbell@example.org,(349)355-2893,Svalbard & Jan Mayen Islands,New Jayborough,2023-08-11
296,George,Webster,beltrancorey@example.org,875.392.7125x66383,Senegal,Davidville,2024-08-15
297,Derek,Farmer,angela01@example.com,516.347.9473x8646,Ukraine,Crosbystad,2023-03-05
298,Alexander,Craig,sandersalexandra@example.net,712-566-9121,Guadeloupe,New Megan,2024-02-18
299,David,Massey,tramirez@example.net,001-646-457-9678,Seychelles,Rodriguezview,2024-06-29
300,Tyler,Fuller,anthonyrojas@example.org,902.969.5249x9118,Cook Islands,Ebonyfort,2024-07-23
301,Jose,Cooper,cisnerosanthony@example.com,467-656-7700,Turks and Caicos Islands,South Ryan,2023-09-28
302,Jennifer,Freeman,carrolltracy@example.net,+1-789-677-8280x64796,Gibraltar,North Brittanyberg,2023-12-21
303,Michael,Harmon,hubbardcolleen@example.com,565-656-5033,Nauru,Lake Cameronport,2022-11-24
304,Matthew,Smith,benjamin69@example.net,(340)579-0569x65917,Guadeloupe,Shawmouth,2023-02-13
305,Christina,Cox,oharris@example.org,+1-334-340-4963,Nauru,Joshuashire,2024-09-01
306,Thomas,Clark,pearsonkevin@example.com,(485)936-6498x78208,Croatia,Adamsside,2025-01-09
307,Melissa,Meadows,boydmichael@example.org,624.666.5136,Oman,West Gloria,2023-06-01
308,Richard,Wilson,anthonyrobles@example.com,678.466.0324x204,Norway,Lake Toddtown,2022-08-24
309,Michele,Miller,michelle65@example.net,+1-316-523-1981x89847,Netherlands Antilles,Port Lindsaymouth,2024-11-23
310,Jo,Shaffer,selenarobinson@example.org,(734)376-4907,Ghana,Wellsbury,2023-08-05
311,Natasha,Giles,thomas54@example.org,+1-990-803-4864x5183,Algeria,Penningtonview,2023-09-10
312,Christopher,Carson,kennethvillarreal@example.org,456.604.1776x561,Madagascar,West Robertside,2023-10-20
313,Shawn,Johnson,davidsonisaiah@example.com,+1-420-863-4591x1238,Somalia,Shannonberg,2023-07-09
314,Glenn,Watkins,lauren31@example.com,(926)569-3008x931,Estonia,North Richard,2024-03-27
315,Caroline,Hernandez,george91@example.org,001-886-477-1333x447,Jersey,New Jason,2023-08-13
316,Jessica,Lopez,rickythomas@example.com,739-873-5971x072,Poland,Lake Patrick,2024-03-18
317,Jill,Scott,hawkinsbrett@example.org,459.290.0489x6465,Mozambique,West Geoffrey,2024-07-04
318,Sarah,Humphrey,christopherpage@example.com,(841)650-2745,United Kingdom,Chloeview,2024-08-11
319,Lawrence,Stafford,jillian72@example.net,+1-370-932-0320x74276,Armenia,Kellyside,2024-06-22
320,Stephen,Rodriguez,daviddavis@example.com,(428)849-9390,Uruguay,East Kaylaville,2023-10-23
321,Anthony,Maldonado,longbrittany@example.org,720-417-7749x05097,Croatia,Port Dawnmouth,2022-08-25
322,Julia,Payne,qdavis@example.org,461.303.2664,French Southern Territories,Owenport,2025-04-29
323,Carrie,Howard,collierwilliam@example.com,867.849.9616x592,Bermuda,New Matthewmouth,2025-04-15
324,Jeffrey,Parks,sarahrose@example.net,614.276.1742x24386,Micronesia,North Williamhaven,2024-03-21
325,Robert,Marshall,michael91@example.net,6177226016,Namibia,Toddmouth,2025-01-24
326,Lindsey,Peterson,jasonmiller@example.net,816-980-0610x277,Gabon,Hannahfurt,2023-09-13
327,Christopher,Taylor,danielsmith@example.org,6379236831,Cameroon,Hendersonville,2023-02-13
328,Rachel,Rodgers,emaynard@example.org,893.934.9605x016,Saint Pierre and Miquelon,Benjaminfurt,2024-06-24
329,William,Hardy,dhall@example.net,3699581467,Nigeria,Shanechester,2022-07-02
330,Evan,Barber,ocooper@example.net,795.997.2466,South Georgia and the South Sandwich Islands,New Jared,2025-05-07
331,Kara,Estrada,glenmoore@example.com,767-643-3800,Guinea-Bissau,East Maria,2024-07-21
332,Anthony,Brown,owilson@example.org,+1-437-345-5084,Romania,South Laurenville,2022-11-11
333,Kimberly,Lynch,colonbobby@example.org,(313)452-4787,Oman,Matthewberg,2022-12-08
334,Melinda,Gonzales,ahammond@example.org,854.582.1456x5328,Burundi,Gutierrezchester,2024-05-12
335,Stephanie,Black,sherry72@example.org,001-481-215-5626x060,Norfolk Island,Robertside,2023-09-15
336,Jennifer,Edwards,alan48@example.net,(867)538-9975,Turkmenistan,Christopherside,2023-11-01
337,Peter,Higgins,abigailfernandez@example.org,688-548-5200,Syrian Arab Republic,Jessicahaven,2022-11-18
338,Jessica,Skinner,courtney51@example.org,001-717-649-0753x99893,Finland,Lake Nicholas,2023-06-19
339,Daniel,Black,mackenzieward@example.org,(566)911-0627,Belarus,Ericafurt,2024-11-29
340,Angelica,Maxwell,breanna67@example.net,962.928.2772x8813,Antigua and Barbuda,New Mike,2022-12-01
341,Carolyn,Ortiz,woodkeith@example.net,(415)445-4470,Slovenia,Williamsport,2023-08-14
342,Jason,Fuentes,jsmith@example.com,806-979-4975,Syrian Arab Republic,Port Dillon,2025-02-12
343,Steven,Cole,uhernandez@example.com,299-966-3658,Saint Pierre and Miquelon,Debbieburgh,2022-07-08
344,Ashley,Hogan,ann18@example.org,298.390.9837,Palestinian Territory,North Joshua,2023-04-15
345,John,Thornton,imiller@example.net,669-307-0562x60856,Brazil,New Garyberg,2023-03-10
346,Jonathan,Davis,stephanie20@example.net,220-504-6152x65461,Dominican Republic,South William,2024-07-22
347,Paul,Wilson,floresangela@example.org,806.930.4891x3824,Belize,Port Tammy,2023-12-31
348,Amber,Jackson,amandahenderson@example.net,600.879.4200x749,Guernsey,New Mary,2023-08-11
349,Brandon,Stevenson,turnerrandall@example.org,(684)963-9855,Faroe Islands,Lake Tonya,2023-11-12
350,Jason,Haley,allen20@example.net,900.326.8768x1180,Guinea,Careystad,2024-01-21
351,Gregory,Tate,martinezmitchell@example.org,903.704.5319x433,Argentina,Trevorborough,2022-06-11
352,James,Nicholson,rrodriguez@example.net,672.583.9992x19212,Turkmenistan,Jamestown,2025-05-11
353,Erica,Mendez,bsmith@example.net,+1-205-666-4187x75803,Uruguay,Patelmouth,2022-06-08
354,Philip,Cook,mooneyjeremiah@example.net,(713)632-5411x07609,Egypt,South Johnmouth,2022-08-23
355,Lorraine,Stone,sherryparsons@example.net,217.991.1006x512,Azerbaijan,Cherylchester,2022-09-10
356,Curtis,Brown,phillipspatrick@example.org,+1-363-799-0767x699,Pakistan,South Zacharyshire,2023-03-26
357,Daniel,Smith,watkinsmary@example.net,(584)456-7972,South Georgia and the South Sandwich Islands,North Davidshire,2024-04-07
358,William,Pearson,larry82@example.org,249.854.5089x2038,Guatemala,East Danielle,2023-04-08
359,Kristen,Peterson,dneal@example.net,001-259-995-9465x217,Cyprus,Lake Jeffreybury,2024-05-24
360,Claire,Allen,lindsay63@example.com,(405)601-5081,Kazakhstan,Lake Brenda,2023-12-11
361,Bradley,Johnson,justinrobinson@example.com,001-825-383-2302x4102,Guadeloupe,West Stephen,2023-12-26
362,Lisa,Guerrero,ejohns@example.org,(823)538-6559,Uruguay,Port Christinaborough,2024-09-08
363,Kelly,Hernandez,brianflynn@example.org,997.431.7912x86857,Gibraltar,Aliciafort,2024-07-07
364,Thomas,Perkins,clarkpatricia@example.com,663.346.6925,Burkina Faso,West Seanstad,2023-05-23
365,Brandy,Marshall,ronald76@example.com,(375)646-0273x415,Tajikistan,Port Joshuabury,2022-10-30
366,David,Ward,matthewleonard@example.com,243-992-8404x4566,Palau,Port Raymond,2023-05-18
367,Jennifer,Clark,zacharyhartman@example.com,001-775-415-3663x7780,Morocco,West Sherry,2022-06-15
368,Vincent,Hopkins,matthew66@example.net,001-868-845-9090x22599,Costa Rica,Brownfurt,2023-03-19
369,Thomas,Murphy,tfowler@example.org,(518)320-9702,United States Minor Outlying Islands,Campbellbury,2023-08-26
370,Donna,Jones,woodalex@example.com,(862)912-8671x63234,Cayman Islands,Brianahaven,2025-04-28
371,Stephen,Harris,seansummers@example.net,385.697.7790,Oman,Reedport,2024-01-28
372,Chloe,Patrick,robertwhite@example.net,001-667-362-9160x3248,Qatar,South Robert,2024-10-05
373,David,Wood,gordonkimberly@example.com,824.538.0701x765,Indonesia,North Johnberg,2023-10-21
374,Ellen,Marshall,jjones@example.net,372.474.2209,French Polynesia,New Judithburgh,2022-09-28
375,Emily,Smith,eric52@example.org,001-208-237-0816x470,Sierra Leone,Wangbury,2024-01-02
376,Regina,Gonzalez,fisherveronica@example.com,313.712.2068,Gibraltar,New Jamie,2024-09-18
377,Randall,Patterson,jasonkelly@example.org,6657063731,Aruba,East Robertfort,2022-11-05
378,Jennifer,Moody,johnathandavis@example.com,+1-862-552-5715x0997,Macao,East Andrewville,2023-09-22
379,Joel,Patterson,christinebrown@example.com,743.226.3039x7524,Mali,Wongport,2022-07-06
380,Jeremy,Quinn,john80@example.net,339.968.5270,Bangladesh,North Cynthia,2023-01-05
381,Shawna,Martinez,brittanyguerra@example.org,881.467.4233,New Caledonia,West Justin,2024-04-26
382,Tammy,Harris,xmiller@example.com,(327)676-8962x7066,Nepal,New Jessica,2023-07-04
383,Oscar,Torres,nicholas97@example.org,727-832-3008x57666,Liechtenstein,Danielleshire,2022-09-18
384,Riley,Williams,cruzariel@example.org,001-764-258-7506x63370,Qatar,West Catherine,2025-04-22
385,Dylan,Wright,alexanderwise@example.net,001-866-691-8362x644,Saint Martin,Goodwinland,2022-11-16
386,Daisy,Frank,lisa43@example.net,(440)427-0116x8646,Holy See (Vatican City State),Lake Dennis,2024-06-24
387,Hunter,Fry,nbradley@example.org,402.334.6791,French Polynesia,South Davidland,2023-11-13
388,Anthony,Young,gchambers@example.org,8406901380,Venezuela,Kennedymouth,2024-12-24
389,Ruben,Wood,yvonne35@example.net,(369)605-5107x6209,Zambia,West Shannon,2025-04-30
390,Donna,Alvarez,akeller@example.net,905-305-7397x69156,Saint Martin,Carterborough,2023-01-08
391,Molly,Walter,andersonlaura@example.com,+1-887-227-1783x33211,Central African Republic,Ravenview,2023-05-08
392,Jennifer,Wade,wadesandra@example.net,001-571-553-9915x6686,Eritrea,West Christopherland,2023-11-10
393,Joy,Pineda,berrydavid@example.com,(590)340-9836x6552,Indonesia,New Melissamouth,2023-01-10
394,Lisa,Phillips,vincentbryant@example.net,620-895-4814x9737,Bahamas,Ericborough,2023-05-15
395,Isabella,Williams,melissaluna@example.com,+1-620-586-5675x66184,Reunion,Davismouth,2024-11-17
396,Michelle,Brown,stephen29@example.org,874.823.3305x912,Philippines,North Cody,2024-06-05
397,Hayden,Williams,brittney26@example.org,3139674926,Tonga,Hillmouth,2023-12-22
398,Alexander,Wilson,burnselizabeth@example.net,409.899.7419,Liberia,Evansberg,2022-11-01
399,Mark,Reeves,richardhaynes@example.com,+1-588-371-8981,Cocos (Keeling) Islands,North Angela,2023-10-01
400,David,Anderson,denisemiller@example.com,001-601-918-4582x60340,Burundi,Nealhaven,2023-11-28
401,Catherine,Dixon,batesbradley@example.org,724.632.9839,Brunei Darussalam,Jonesview,2023-07-09
402,Patrick,Mckee,qbryant@example.net,(728)831-4359x89262,Hong Kong,New Johnview,2022-12-10
403,Amanda,Sutton,ojones@example.org,(354)423-4016x361,Malta,Briannafort,2022-10-26
404,Allison,Graves,andrea91@example.org,(956)425-8896,Eritrea,Lake Williamberg,2025-03-17
405,David,Gray,brian53@example.net,+1-567-627-5784x468,North Macedonia,West Richardmouth,2022-10-18
406,Cynthia,Jones,shirleymartin@example.org,948-370-6827,Iraq,New Jamestown,2024-03-21
407,Jacqueline,Brady,virginiaguerrero@example.net,+1-290-897-2832x15285,Lithuania,Jacksonville,2023-11-07
408,Robin,Wright,robertstimothy@example.com,909.263.4807,Guinea-Bissau,New Stevenport,2023-12-01
409,Daniel,Bailey,richardsmith@example.com,931.888.2617x0243,Holy See (Vatican City State),Michaelburgh,2024-09-10
410,Lisa,Rodriguez,cdouglas@example.org,(256)405-3134,Indonesia,Mannington,2023-02-04
411,Elizabeth,Vaughan,david78@example.com,+1-225-568-6211x02258,Austria,Russelltown,2024-04-04
412,Timothy,Campbell,hodgesjohn@example.org,001-482-534-1436x3718,Timor-Leste,East David,2024-02-13
413,Benjamin,Mooney,ronaldjensen@example.org,9662843356,Malawi,Schneiderport,2022-11-17
414,Joseph,Ramirez,jennifer35@example.org,(300)805-3474,Colombia,Stacystad,2023-11-01
415,Kevin,Davis,vegakaylee@example.org,455-398-9534x39611,Armenia,East Janet,2022-10-31
416,Charles,Payne,kevin73@example.net,001-820-323-6848x5571,Liberia,Millshaven,2022-07-03
417,Gary,Hill,keithsosa@example.org,001-836-878-8127x868,New Caledonia,Jamietown,2023-02-03
418,Ashley,Vargas,suarezkrystal@example.com,684.243.4481x23083,Northern Mariana Islands,West Sara,2023-07-25
419,Morgan,Williams,veronicaclark@example.org,8596551842,Greece,Lake Lisastad,2023-05-06
420,Jessica,Ramirez,teresa89@example.org,001-464-998-3735x4396,Djibouti,Richardsonfort,2022-10-23
421,Tyler,Stevens,jacobhenry@example.net,(340)442-2693,Barbados,Sanchezfurt,2022-11-02
422,Jennifer,Taylor,morrisonnicholas@example.org,200-223-1429,Somalia,New Jillmouth,2022-10-09
423,James,Castillo,tochoa@example.com,323.808.4810x0184,Cambodia,East Andrewchester,2024-01-19
424,Dylan,Rios,sandracohen@example.net,001-317-721-3145x195,Uzbekistan,North Cassandraburgh,2024-03-26
425,Alyssa,Greene,qhernandez@example.net,794-451-4754x1022,Iceland,Griffithfort,2022-09-12
426,Daniel,Simmons,duane52@example.org,001-965-957-6769x52366,Martinique,South Christopher,2024-03-16
427,Alison,Frank,jacquelineyoung@example.org,705.487.2105,French Polynesia,Thomasside,2024-03-15
428,John,Carey,burgessdavid@example.net,001-426-206-5019x179,Cameroon,Donaldbury,2022-09-27
429,Alexander,Guerra,lhernandez@example.com,001-228-447-6570x4120,Macao,North Randy,2024-03-19
430,Erin,Liu,samantha84@example.net,862.241.8623,Cyprus,Whiteside,2024-12-25
431,Meagan,Velasquez,pwoods@example.net,(762)205-6341x1159,Dominican Republic,Franciscoville,2022-09-09
432,Jason,Smith,jacob30@example.org,219-790-9700x514,Sao Tome and Principe,Susanhaven,2023-03-29
433,Leonard,Myers,terri15@example.com,001-481-982-0967x9042,Belgium,Lake Jesseborough,2025-04-23
434,Destiny,Mack,victoriamason@example.net,+1-585-572-5459x606,New Zealand,East Ashleyfort,2022-10-29
435,Linda,Thomas,amy17@example.org,452.942.1495x511,Eritrea,Goodmouth,2025-03-06
436,Sandra,Case,swilliams@example.com,(292)275-8955x16874,Saint Vincent and the Grenadines,Lake Lori,2022-06-12
437,Eric,Garcia,zmoore@example.org,367.315.7787,Cocos (Keeling) Islands,South Kaylaborough,2024-02-13
438,Mark,Stewart,vlewis@example.com,747-208-2723,Netherlands Antilles,Brownstad,2024-03-29
439,Tiffany,Lewis,mirandacisneros@example.net,(544)621-2146x14768,Colombia,North Pattychester,2023-11-13
440,Tabitha,Phillips,michaelbarnes@example.com,+1-526-359-6089,Saint Kitts and Nevis,West Elizabeth,2023-10-04
441,Alexis,Mosley,victorstewart@example.net,(448)807-2791x03368,Cuba,Jasonborough,2025-04-20
442,Barbara,Smith,allen48@example.org,001-477-966-5586x851,Japan,Gregoryburgh,2024-09-20
443,Ryan,Mitchell,swalters@example.net,311-910-9617,Macao,Lake Kellychester,2023-04-25
444,Jeffrey,Gibson,ewilson@example.org,(876)560-5384x444,Albania,Johnsontown,2023-01-24
445,Krystal,Randall,matthew96@example.org,+1-863-496-0962,Iraq,Zacharychester,2023-05-24
446,Cory,Owen,welchkristen@example.net,282-353-1106x092,Montserrat,Johnsonberg,2024-05-04
447,Cynthia,Strickland,johnhurst@example.com,283.364.0412,Bouvet Island (Bouvetoya),Hoville,2022-11-13
448,Donald,Green,christophersnyder@example.com,561.870.6171,Honduras,Cynthiamouth,2023-02-05
449,Hector,Smith,donnawelch@example.org,655-379-9802,Congo,New Andrewhaven,2023-01-22
450,Javier,Diaz,anthonytaylor@example.org,001-824-547-3158x4776,El Salvador,East Gloria,2023-08-10
451,Suzanne,Garcia,gabriel37@example.com,769.745.9196x639,Ukraine,South Garyton,2024-08-02
452,Johnny,Ortiz,raymond12@example.com,(725)531-3552x51050,Lao People's Democratic Republic,Rachelside,2022-09-10
453,Paul,Guzman,dakotaramirez@example.net,+1-819-366-5533x07704,British Virgin Islands,Jacksonmouth,2024-12-04
454,Patrick,Ray,andrew90@example.com,626-608-8050x1716,Ghana,Richardside,2023-09-29
455,Troy,Williams,heather77@example.net,359-710-3002,Tokelau,Perezland,2023-03-23
456,Jennifer,Burnett,villamiranda@example.com,6104414596,Uzbekistan,New Steven,2022-12-13
457,Luis,Hernandez,qwalsh@example.org,783.597.7457x31441,Palestinian Territory,Lake Christian,2024-07-07
458,Brian,Smith,taylorcruz@example.com,453-398-8547,United States Virgin Islands,East Sabrina,2024-01-19
459,Theresa,Parrish,kimberlylopez@example.com,(224)991-2711x30724,Panama,Bellville,2024-10-01
460,Christopher,Reynolds,randyjordan@example.com,6745510663,Iraq,New Joshua,2024-12-29
461,Tristan,Hamilton,lucassusan@example.org,600-594-3181,Turkmenistan,Myersville,2023-05-07
462,Jessica,Suarez,tyler23@example.com,+1-749-340-1289x7432,Chad,West Rachel,2023-01-06
463,Suzanne,Wade,lcook@example.com,520-995-7907,Bouvet Island (Bouvetoya),Port Andreport,2023-05-20
464,Alicia,Jackson,kimberlygarcia@example.net,977-358-4745x70545,Faroe Islands,East Tiffanybury,2025-03-20
465,Virginia,Howard,sanchezjoyce@example.com,(731)736-1487x824,India,Landryview,2023-09-23
466,James,Riley,mary16@example.com,001-654-410-7272,Gabon,Robertsport,2022-06-24
467,Shawn,Robinson,brownkevin@example.com,(400)542-5488x214,Jersey,West Jefferyfort,2023-12-02
468,John,Gregory,ghenderson@example.com,594-629-6592x3426,Gambia,West Ashleymouth,2024-09-24
469,Isaac,Patton,hdavis@example.com,001-258-857-5676x670,Benin,New Rebecca,2023-06-11
470,Betty,Watson,brian62@example.com,+1-907-787-0104x15914,Tonga,North Joyhaven,2022-08-21
471,Jacqueline,Black,rtaylor@example.net,(244)407-9311,Netherlands,New Collinborough,2022-11-07
472,Thomas,Wall,hmyers@example.com,(472)438-4979x1620,Svalbard & Jan Mayen Islands,East William,2025-05-21
473,Amy,Alvarez,keith19@example.com,(346)861-7662x047,Algeria,Austinmouth,2022-08-05
474,Rebecca,Kelly,taylorsharp@example.com,3254883586,Palau,West Diana,2024-10-21
475,Matthew,Espinoza,joshuafarmer@example.com,(717)867-9298x8425,Bangladesh,North Melissaburgh,2023-05-25
476,Colin,Rodriguez,omorris@example.net,312.266.1094,Tanzania,South Kathryntown,2023-02-25
477,Manuel,Hale,oanderson@example.net,+1-433-847-7433,Suriname,North Brandi,2025-02-01
478,Susan,Davis,patrickpatricia@example.com,001-769-781-5287x33978,Niger,Port Carlos,2024-03-25
479,Colleen,Sawyer,martinezzachary@example.org,673-609-8503,Iceland,Carlosburgh,2023-08-21
480,Charles,Johnston,reginald08@example.net,597-740-0564,Tuvalu,East Jamesmouth,2025-03-26
481,Rita,Brown,kjones@example.net,001-205-316-9918x724,Argentina,Romerostad,2024-03-31
482,Tim,Harrington,andrewbrown@example.org,+1-496-808-7066,Reunion,Dunnville,2024-04-10
483,David,Gilbert,michael56@example.org,231.290.3689,Tunisia,Port Brian,2022-08-27
484,David,White,edwardscarrie@example.org,529-967-1114x8375,Rwanda,Shellyside,2023-08-28
485,Misty,Sanchez,luis88@example.org,5566974132,Saint Vincent and the Grenadines,North Nathan,2023-01-06
486,Barry,Young,dsantos@example.org,2706449641,Timor-Leste,Simpsonfurt,2024-01-18
487,Scott,Walker,blopez@example.net,5402850954,Guam,Glennton,2022-11-16
488,Angela,Farley,michele87@example.com,001-298-642-6732,South Georgia and the South Sandwich Islands,Christopherbury,2024-09-20
489,Kenneth,Duncan,gilbertmichael@example.net,990-214-9542x770,Lao People's Democratic Republic,West Timothyside,2023-05-04
490,Ricky,Riley,hillcheryl@example.com,472-444-4723,Tunisia,East Dannyton,2023-03-13
491,Gabrielle,Valencia,bobby30@example.net,940-358-0935x118,Malawi,East Jamesshire,2023-12-28
492,Maria,Becker,maynancy@example.org,2594556574,Heard Island and McDonald Islands,West Sarahshire,2022-07-09
493,Daniel,Lewis,william89@example.net,(836)390-2611x398,Tanzania,New Thomashaven,2024-08-16
494,Scott,Adams,rhonda53@example.com,775.313.7651,United States Virgin Islands,Denisebury,2024-04-27
495,Kristie,Hall,sarasanchez@example.com,+1-992-594-4551x16682,United Arab Emirates,South Alexis,2022-12-04
496,Robert,Cannon,inewton@example.org,(602)312-8866x52683,Guadeloupe,Brittanyville,2022-08-09
497,Charles,Mccall,olozano@example.com,001-764-972-2981x2099,Hong Kong,Samuelhaven,2024-11-29
498,Joshua,Mejia,kennethpeterson@example.net,689.786.4565x22036,Bolivia,Justinville,2023-08-21
499,Joshua,Gonzales,keithhardin@example.net,001-513-242-1388x20908,Liechtenstein,West Jamesshire,2024-03-23
500,Jessica,Meyer,hphillips@example.net,001-517-367-4124x151,Greece,New Matthew,2024-05-04
501,Crystal,Hunt,mannleroy@example.org,(618)953-8003x29633,Canada,Cervantesfort,2023-08-13
502,David,Walters,tapiamercedes@example.net,206.817.8932,Portugal,Christinashire,2023-05-30
503,Dana,Washington,nataliepittman@example.com,+1-977-769-5874x13146,Egypt,Wilsonmouth,2023-10-08
504,Donna,Bailey,xbush@example.com,696.730.4483x6085,Isle of Man,Lambchester,2024-02-09
505,Jorge,Brown,vchandler@example.net,3477639283,Bulgaria,Lake Andrewfurt,2022-10-18
506,Kimberly,Cook,katie81@example.net,5836583286,Spain,West Martin,2023-04-30
507,Angela,Wright,johnsonandrew@example.net,586-570-2440,Antigua and Barbuda,Karenfurt,2025-03-13
508,Richard,Cardenas,michelle11@example.net,001-760-808-9219x6394,Malaysia,West Joshuaborough,2022-11-01
509,Joseph,Douglas,bbennett@example.org,868.247.4883,Luxembourg,Beanside,2022-11-15
510,Shaun,Lane,sandersjesse@example.com,591.345.2118x2379,Cambodia,Jensenfort,2024-08-21
511,Jennifer,Knight,briansnyder@example.com,952-705-9960x4387,Pakistan,West Steven,2024-06-19
512,Wyatt,Trevino,morseronald@example.org,(420)928-1237x1067,Burundi,Rossport,2022-11-29
513,Ryan,Phillips,alexandra95@example.net,+1-522-748-3958x9477,Vanuatu,East Alice,2024-06-05
514,Alejandro,Butler,thomasholder@example.org,333-718-7510x9792,North Macedonia,West Courtney,2023-03-26
515,Joshua,Hoover,tsilva@example.com,+1-464-688-3192x134,Mongolia,East Laurashire,2025-02-25
516,Katie,Rivera,tammy97@example.org,(903)231-9222,Gibraltar,North Derrickmouth,2024-03-21
517,Elizabeth,Murphy,allenphillip@example.com,001-475-848-5819x324,Monaco,Henryview,2025-04-29
518,David,Yoder,gregory57@example.net,(763)598-3652x037,Albania,Markstad,2023-06-29
519,Wesley,Smith,arthur47@example.com,9444090797,Lebanon,North Mikeberg,2023-03-01
520,Monica,Anderson,hflowers@example.org,705.218.4390x552,Wallis and Futuna,Butlerton,2022-09-08
521,James,Juarez,jessicamiller@example.com,6497386204,British Indian Ocean Territory (Chagos Archipelago),Stevenland,2024-10-26
522,Sarah,Davis,whitechristopher@example.com,001-602-503-5713,San Marino,West Brian,2023-08-19
523,Gregory,Taylor,robert34@example.org,(744)774-1759,Sierra Leone,Gallegosburgh,2022-07-27
524,Stephanie,Richards,amandaclark@example.net,(654)235-8841x83437,Uzbekistan,New Dominiqueburgh,2024-06-07
525,Donald,Willis,anne90@example.com,001-615-402-6755x125,Lao People's Democratic Republic,Port Andrew,2025-01-12
526,Stephen,Johnston,esimon@example.org,859-657-6403x816,Zimbabwe,Watkinsburgh,2024-08-03
527,Garrett,Turner,stephaniebradley@example.org,(450)914-2576,Afghanistan,East Nicole,2023-09-11
528,Kyle,Lopez,samuelramsey@example.org,+1-985-507-2517x86376,Serbia,South Davidberg,2024-02-11
529,Kerri,Villanueva,icarlson@example.org,(279)803-9235x558,United States Virgin Islands,Lake Jerryfort,2023-03-19
530,Bradley,Turner,morgandestiny@example.com,(444)867-0462,Pitcairn Islands,South Lindastad,2025-04-30
531,Jessica,Rios,alara@example.org,329-986-7076x60464,Macao,Kimberlymouth,2024-09-08
532,Teresa,Rodriguez,tinaschmidt@example.com,+1-612-205-9438x97607,British Virgin Islands,Stevenston,2024-12-17
533,Gina,King,emily08@example.com,(345)760-7540,Saint Martin,New Joannabury,2023-02-27
534,Christopher,Davis,cynthiajordan@example.com,(479)338-9701x550,Hong Kong,West Saraport,2024-03-17
535,Richard,White,jennifer16@example.org,794.949.8830,Cuba,Hillburgh,2023-08-04
536,Walter,Williams,rbrowning@example.com,306-530-6244x795,Czech Republic,Lake Markland,2025-01-04
537,Keith,Joseph,omatthews@example.net,586-478-0555x57277,Peru,Scottton,2025-03-22
538,Melissa,Faulkner,whoffman@example.org,485.444.5770,Nigeria,Annettechester,2022-07-06
539,Karen,Campbell,yfritz@example.net,(669)411-6331,Tonga,Port Kimberly,2024-02-13
540,Andrea,Bell,robertgreene@example.com,001-451-458-8863x67747,Iran,Aaronmouth,2024-05-20
541,Diana,Vega,reyesdenise@example.com,(730)593-2998x19960,Chad,Cohenstad,2022-07-05
542,Julia,Stephenson,marnold@example.org,953.927.3524x103,Ecuador,Fritzburgh,2024-05-16
543,Vincent,Rodriguez,monica23@example.com,001-210-906-8761x6481,Liberia,West Lisaton,2023-12-16
544,Reginald,Ho,hpatterson@example.org,(549)912-5652,Cote d'Ivoire,Coltonland,2024-05-11
545,Rachel,Vasquez,katherinepeterson@example.net,257.549.4902x284,Turkmenistan,Annaport,2023-09-19
546,Shirley,Moore,thomas74@example.org,001-222-694-6430x3942,Haiti,Woodsburgh,2023-11-16
547,Dawn,Matthews,alexandra67@example.net,(587)627-6015,Costa Rica,East Joshua,2022-12-02
548,Debra,Kelly,ohudson@example.org,001-383-235-0615x8148,Kiribati,East Jonathan,2023-03-10
549,Hannah,Curtis,jeremylove@example.org,6942841312,Cote d'Ivoire,East Brenda,2024-11-18
550,Thomas,Garcia,florescynthia@example.org,217.817.3189x3974,Tokelau,Lake Oliviaborough,2024-11-30
551,Linda,Mendez,qgay@example.com,+1-547-725-8784x448,Falkland Islands (Malvinas),Connieville,2023-03-10
552,Tony,Flores,lsimpson@example.org,001-664-717-5823x13348,Seychelles,Garciaport,2025-01-01
553,Jason,Powers,eric62@example.org,+1-725-487-9643x474,Gambia,Jessicamouth,2024-04-28
554,Kyle,Elliott,zsmith@example.org,(852)774-0334x45056,Moldova,Port Jason,2024-07-20
555,Scott,Hill,sanchezmark@example.com,001-297-706-7349x9601,Falkland Islands (Malvinas),Samuelport,2022-11-19
556,Thomas,Gilmore,nguyenkimberly@example.com,(529)749-3817,Montserrat,Angelaport,2025-05-06
557,Andrew,Barton,harrellholly@example.net,257-432-5737x55344,British Indian Ocean Territory (Chagos Archipelago),Simmonsfort,2022-08-13
558,Marie,Brown,allen60@example.net,387-949-5119x18182,New Zealand,Port Charles,2025-04-27
559,Ryan,Hill,vpreston@example.org,+1-251-829-5786x0694,Andorra,East Marcusberg,2023-07-07
560,Melissa,Silva,amanda39@example.com,001-292-432-3421x089,Mauritius,Stephaniemouth,2023-10-02
561,Sarah,Barrett,kevincoleman@example.com,935.502.7160,Hong Kong,South Samuelborough,2023-04-15
562,Kelli,Lawrence,davisgregory@example.net,001-381-723-1795x5633,Lesotho,Williammouth,2022-06-25
563,Adrian,Lara,gnixon@example.com,(241)464-3167x045,Tanzania,East Anne,2022-12-15
564,April,Taylor,dfarmer@example.net,445.496.2622,Haiti,Port Franciscofort,2023-04-13
565,Kevin,Garrett,christy00@example.com,4704260869,Bolivia,West Phyllisland,2024-03-13
566,Vanessa,Rodriguez,amarshall@example.net,329.904.7742x585,Lithuania,East Jeffrey,2022-12-18
567,Linda,Thomas,pauljennifer@example.com,+1-613-434-2457x988,Greece,Brooksberg,2024-11-16
568,Jill,Rosales,ywelch@example.org,(902)903-2650,Togo,Jacobshire,2024-02-20
569,Shannon,Lewis,amy14@example.net,001-385-752-4578x71584,Japan,New Davidbury,2024-05-10
570,Maria,Martinez,david54@example.com,(481)282-6832x30358,South Georgia and the South Sandwich Islands,Amberhaven,2023-02-14
571,Nicholas,Garcia,cynthiatrevino@example.org,001-928-796-3406x46867,Burkina Faso,Aaronview,2024-10-10
572,Elizabeth,Clark,brownrobert@example.org,623.462.6693x3513,Uganda,Martinezshire,2025-04-09
573,Edwin,Ramos,kathleen01@example.net,381-797-3741x8972,Turkey,Stefanieton,2024-01-13
574,Mary,Scott,ksimmons@example.net,001-874-838-1199x537,Azerbaijan,Port Kaylaview,2023-06-25
575,Danielle,Murphy,tonya10@example.org,001-873-897-3964x178,Armenia,New Maryville,2024-11-10
576,Cody,Levy,michaelchambers@example.net,(460)257-7980x66039,Norfolk Island,Coreychester,2022-07-14
577,Jessica,Atkinson,michael55@example.org,770-457-4238x856,Tanzania,Gatesmouth,2023-11-28
578,Christina,Singh,leslietorres@example.net,965-797-2634,Guadeloupe,Huangburgh,2023-02-16
579,Marcus,Rodriguez,regina84@example.net,+1-826-691-3119,Cameroon,Amandafurt,2022-12-23
580,Samantha,Garcia,christina15@example.org,903.582.4073x333,Cameroon,West Johntown,2025-01-06
581,Timothy,Gonzales,robertabbott@example.net,(396)445-4655x3585,Gibraltar,Port Amanda,2022-12-17
582,Colin,Lowery,gnichols@example.net,958.937.4907,Nauru,Brownburgh,2022-07-04
583,Ann,Hansen,huangthomas@example.net,(915)814-9409,Romania,South Jason,2024-05-02
584,Kyle,Terry,mark98@example.com,(389)350-9059,Nicaragua,New Robertburgh,2023-03-29
585,John,Guzman,maryjohnson@example.com,001-415-311-6966x6725,Georgia,Gregorychester,2023-06-26
586,Victor,Lopez,wgonzalez@example.net,+1-315-471-8409x0805,Afghanistan,North Markport,2022-07-12
587,Lauren,Carroll,michele23@example.net,+1-972-483-5129x592,Madagascar,Port Lori,2022-07-17
588,Christy,Mcconnell,aguirrelarry@example.com,452-798-2173,Wallis and Futuna,Mcfarlandside,2024-01-25
589,Kristen,Raymond,morganmichael@example.org,836.505.0791x8158,Finland,Derekborough,2023-08-29
590,Sheryl,Simmons,fbennett@example.org,515.387.9647x4080,Gambia,Lake Lee,2022-08-13
591,Amanda,Williams,paul58@example.org,+1-368-582-8503x17235,Lithuania,New Danielle,2022-06-24
592,Brandon,James,glassadam@example.org,+1-852-663-5602x29394,Costa Rica,Roberttown,2024-03-07
593,Madison,Bennett,lisafreeman@example.net,4609723111,Bangladesh,New Mark,2023-07-03
594,Stephanie,Espinoza,smitchell@example.com,001-541-416-3187,Maldives,South Timothyville,2023-05-21
595,Benjamin,Hughes,farmerlindsay@example.org,(295)472-7908x33509,Guam,Sandrastad,2024-05-17
596,James,Schneider,sjames@example.net,532-635-7071,Moldova,East Amy,2023-10-06
597,Brian,Cohen,bholmes@example.net,001-825-350-2130x6090,Togo,Port Courtney,2024-10-22
598,Amy,Smith,ppineda@example.com,796-573-7945x7727,Cambodia,Danaburgh,2024-01-24
599,Yvette,Macias,jody64@example.org,8768836253,Turks and Caicos Islands,Murraymouth,2024-04-19
600,Stephanie,Ford,mark62@example.net,533.833.9395x78654,Cambodia,Rodriguezmouth,2023-09-09
601,Rebecca,Sosa,nwilliams@example.com,+1-826-486-2703,Faroe Islands,Lake Richard,2023-04-03
602,Edward,Stewart,mirandaanderson@example.com,799-580-1110x00515,Samoa,East Kyle,2022-09-10
603,Michael,Blankenship,talvarez@example.org,941-682-2261x8962,Portugal,North Elizabeth,2023-01-13
604,Regina,Davis,taylorparker@example.com,720.795.7992x7079,Belize,Caseyberg,2025-01-24
605,Kevin,Long,danieldonovan@example.net,854.415.9709,Haiti,Jamesview,2024-08-16
606,Rebecca,Johnson,rebecca03@example.net,247-265-0471x5802,Gabon,Gonzalezfort,2024-01-11
607,Paul,Dominguez,heidi55@example.net,(765)325-4837x44171,Angola,Port Kathleen,2023-06-12
608,Charles,Brooks,ashleyyoung@example.org,700-359-1297,New Zealand,North Janetborough,2022-10-04
609,Jacob,Higgins,smithlatasha@example.org,901.465.8373,Latvia,Jessicashire,2022-09-03
610,Scott,Romero,thompsonjames@example.org,+1-493-811-3253,North Macedonia,Carolynhaven,2025-02-19
611,Justin,Simmons,jill80@example.net,+1-244-321-0175x09617,Ghana,Helenland,2024-10-31
612,Jose,Franco,zhoward@example.com,(874)975-8339x205,Turkmenistan,Nguyenfurt,2024-05-20
613,Misty,Marshall,douglaschristensen@example.com,4254626506,Nauru,East Cody,2024-01-28
614,Thomas,Nelson,andrewmyers@example.com,+1-443-937-9766,Papua New Guinea,West Suzanneland,2023-10-15
615,Janice,Franklin,joeharding@example.org,(670)742-5496x91928,Saint Kitts and Nevis,Lindsayberg,2023-12-26
616,Annette,Wells,westrobert@example.org,535-574-8595x32593,Liechtenstein,Zamoramouth,2024-08-01
617,Nicole,Cruz,cindymiller@example.com,594.517.6342x507,North Macedonia,West Michaelfort,2024-10-19
618,Dustin,Nelson,todd59@example.net,639.591.4038,Somalia,Hendersontown,2023-09-06
619,Jose,Thomas,johnsondawn@example.com,957-727-6829,Botswana,Stephenborough,2024-12-28
620,Shawn,Martin,marcussmith@example.org,287-652-5680x65625,Gibraltar,New Brianberg,2024-07-10
621,Caleb,Jones,curtismartin@example.net,915.855.1651,Mayotte,New Robertfurt,2025-05-14
622,Eric,Carson,shanewilson@example.com,230.580.0370,Senegal,East Stephanie,2022-12-30
623,Vincent,Morris,wsmith@example.com,206.781.0390x3397,Reunion,New Nicolehaven,2023-02-10
624,Randy,Hernandez,hermanjulie@example.com,685-886-2394x535,British Indian Ocean Territory (Chagos Archipelago),Shannonmouth,2024-12-23
625,Tammy,Powers,hharris@example.org,(613)539-4394x5703,Malawi,West Alexanderburgh,2023-10-31
626,Jamie,Arroyo,dcortez@example.com,+1-227-278-9431x910,Togo,West Sarahport,2024-04-21
627,Patrick,Carroll,coltonrichardson@example.net,365.614.6040,Cambodia,Stephenborough,2022-12-03
628,Samantha,Garner,beardsarah@example.org,2119379844,Bahrain,East Cameron,2025-04-18
629,Nicholas,Johnson,arivas@example.org,2906144734,Tunisia,East Hannah,2022-06-03
630,Wendy,Williams,shansen@example.com,404.751.9577,Palestinian Territory,Jessicaside,2023-01-12
631,Malik,Fowler,zthompson@example.com,454.727.8656x194,Uzbekistan,Debbiemouth,2024-09-14
632,Michelle,Martin,coopersamantha@example.net,(395)882-9236,Turkmenistan,New Amyhaven,2022-11-08
633,Barbara,Scott,jodisutton@example.com,515.958.6863x9561,Cape Verde,Lake Aaron,2024-07-22
634,Lauren,Simpson,nealkristopher@example.com,338-613-0004x1321,Korea,South Shirleyfurt,2022-06-16
635,Heidi,Evans,tbrooks@example.com,+1-697-999-0707x550,Tokelau,Mullinsville,2024-03-17
636,Haley,Oliver,stacy70@example.com,3719748113,Hong Kong,Johnfort,2022-07-23
637,Marcus,Tran,arobinson@example.org,9296087182,Qatar,Solisside,2025-03-11
638,Jennifer,King,wolfetravis@example.com,520-249-5612x1377,Iceland,Port Nicholas,2023-09-12
639,Ian,Peterson,cperez@example.net,912-722-9907,South Africa,Smithhaven,2025-05-12
640,Micheal,Stephens,rwells@example.com,+1-561-411-4576,British Indian Ocean Territory (Chagos Archipelago),East Christopherburgh,2025-03-28
641,James,Keller,angela71@example.net,(696)418-0332,San Marino,Smithton,2024-07-31
642,Kristin,Rodriguez,brenda04@example.org,337-433-7773x12688,Papua New Guinea,Port William,2022-09-13
643,Tim,Fritz,knightjohn@example.com,+1-853-946-0605x6035,New Caledonia,Lake Rebecca,2024-06-13
644,Christina,Tyler,wlucas@example.net,(239)884-7169,Bahrain,Lake Patriciaberg,2025-02-20
645,Bill,Ramirez,steven54@example.net,+1-454-978-7698x999,Guadeloupe,Lake Tracymouth,2024-09-04
646,Zachary,Welch,crystal44@example.net,635.853.9354x35864,Paraguay,Port Chloe,2023-01-02
647,Leah,Barker,gloriaward@example.net,+1-553-579-8214,Netherlands Antilles,Isaacfort,2024-01-03
648,John,Washington,sarah78@example.com,(249)314-1686,Comoros,Sarahmouth,2024-10-02
649,Brandy,Hill,dgonzalez@example.com,+1-279-217-6651x2215,Tanzania,West Danielside,2023-07-21
650,David,Davis,qharris@example.net,5015594463,Niger,Sarahstad,2023-06-02
651,Edward,Spencer,kathryn26@example.org,+1-390-321-9947,Egypt,Walkermouth,2025-01-01
652,Gabriel,Thompson,joshuasmith@example.net,469-896-7331x1677,Thailand,Johnsonview,2023-04-14
653,Nicole,Henry,marc78@example.net,(779)735-2196x2633,Iraq,Johnport,2023-05-24
654,Nicolas,Rich,parksanna@example.net,001-917-806-9556x076,Benin,Scottbury,2023-07-23
655,Michael,Osborn,omoore@example.net,+1-289-683-0650x3121,Belgium,Shawnport,2023-01-06
656,Michele,Ramirez,jeremycollins@example.net,931-890-9248,Ukraine,East Andre,2023-03-30
657,Carrie,Jones,adamskrista@example.net,278-752-2823,Timor-Leste,Port Joseph,2022-07-02
658,Vincent,Jacobson,dtaylor@example.com,(923)495-9473,Russian Federation,Lake Johnton,2022-09-12
659,Tonya,Taylor,steven76@example.net,+1-668-878-5996,Chad,Martinezton,2023-04-17
660,Charles,Vang,darrell66@example.com,650-857-3036x2792,Ecuador,North Rachel,2024-04-12
661,Johnny,Ross,nwatson@example.com,(760)932-1450,United States of America,Eatonchester,2022-09-29
662,Carmen,Kelly,ewilliams@example.org,(253)548-2012x840,Norfolk Island,Andrewfurt,2023-10-31
663,Lauren,Stevens,justin08@example.net,377-468-0898,Venezuela,Riveramouth,2025-02-10
664,Joseph,Thomas,christopherreyes@example.com,500.840.2369,South Georgia and the South Sandwich Islands,South Amy,2023-07-01
665,Veronica,Clark,martinbenjamin@example.net,613.772.7117x5957,Norfolk Island,Alisonshire,2024-08-15
666,Felicia,Drake,jeremyjohnson@example.com,558-547-6094x412,Turkmenistan,South Rebecca,2022-10-31
667,Heidi,Wagner,anewton@example.net,841-932-9715x06662,Antarctica (the territory South of 60 deg S),Sharonville,2023-09-21
668,Joe,Koch,zreilly@example.net,466.734.3925,Nauru,Castanedaville,2022-10-05
669,Christopher,Mclaughlin,ambervasquez@example.org,001-320-207-2024x559,Chad,Markton,2024-11-21
670,Christopher,Williams,underwoodjames@example.org,(971)649-4981x9421,Cayman Islands,South Catherineport,2022-07-19
671,Phillip,Morgan,heatherpatrick@example.com,344.266.3453x37220,Namibia,East Danielmouth,2022-12-12
672,Edward,Jones,gwendolyn93@example.net,566.718.9437x0526,Bahrain,North Maureenview,2024-01-26
673,Jacob,Jimenez,ubowers@example.com,(856)359-2024,Libyan Arab Jamahiriya,Eddieberg,2023-06-07
674,William,Simpson,rebecca26@example.org,001-705-659-5501x78332,Marshall Islands,Prestonshire,2025-01-06
675,Sara,Gonzalez,gibsonjennifer@example.net,587-704-5069x1767,Syrian Arab Republic,South Joseph,2025-03-08
676,Melissa,Montoya,ralph08@example.org,6378360601,Andorra,Kaylaton,2024-07-10
677,Vanessa,Lewis,kimberly36@example.net,001-452-683-0615x3701,Chile,Emilychester,2023-02-06
678,Rebecca,Harris,michaelhubbard@example.com,988-711-2103x1421,British Virgin Islands,Dixonfort,2025-04-02
679,Christina,Floyd,kristina52@example.com,784.409.1122,Mali,South Vickie,2025-02-05
680,Michael,Peterson,bsparks@example.org,763.723.9791x37876,Congo,North Shawntown,2024-11-02
681,Michael,Huerta,deborah60@example.com,712.319.8819x277,Nigeria,Port Marymouth,2023-06-17
682,Larry,Short,benjamin10@example.com,+1-624-862-4561x85174,Angola,West Markland,2022-12-30
683,Sarah,Morrison,coxcody@example.com,001-355-612-9391x30448,United States of America,Craigfurt,2022-08-02
684,Larry,Humphrey,barrettjoseph@example.org,(711)890-1707,Mauritius,West Erikside,2023-06-19
685,Christopher,Jackson,mccoyandre@example.org,001-522-283-6084x9378,Jersey,New Elizabeth,2023-03-25
686,Mallory,Carter,richardgarza@example.net,543-691-6497x0169,Portugal,New Jack,2025-02-19
687,Betty,Coffey,davidwilliams@example.org,001-801-362-3419x0310,Guam,South Drew,2025-03-02
688,Kristen,Melton,tiffany68@example.net,873-223-6533x774,El Salvador,South Steventon,2022-08-31
689,Kaitlin,Warren,robertkeith@example.org,942-560-7819x7543,Portugal,Maryfurt,2023-07-23
690,Ethan,Walker,andreyoung@example.com,(638)882-1458x4148,Angola,New Susanville,2023-06-09
691,Rachel,King,katherinebarnett@example.net,+1-798-227-8020x586,Liberia,East Daniel,2023-09-18
692,Jennifer,Coleman,brenda69@example.net,001-251-767-9335,Guinea-Bissau,Blakeside,2023-10-30
693,Trevor,Jordan,norrisdakota@example.org,960.437.6811,Cyprus,East Nathan,2022-07-26
694,Jonathan,Hull,rmartinez@example.net,001-673-515-3911,Aruba,Barkerside,2023-02-14
695,Diane,Dominguez,howetracy@example.org,(451)218-9394x06557,Saint Vincent and the Grenadines,Lake Ashleyview,2023-03-26
696,George,Moore,oconnorjames@example.org,224.370.7392,Saint Kitts and Nevis,West Courtney,2023-09-08
697,Mary,Reynolds,basserik@example.com,4255082611,Barbados,South Daniel,2023-05-22
698,Holly,Martin,olivia29@example.net,+1-593-876-2974x54930,French Polynesia,Bartonmouth,2022-10-19
699,Nancy,Wilson,rachelhall@example.net,+1-418-576-9208,South Georgia and the South Sandwich Islands,East Rebecca,2024-07-28
700,Michele,Stephens,allenandrea@example.com,581.344.5822x06732,Maldives,New Scott,2024-03-16
701,Jennifer,Payne,steven45@example.org,3003001529,Portugal,South Stephanie,2022-10-30
702,Scott,Shannon,brian90@example.net,(455)361-8444,Mayotte,New Elizabeth,2024-09-15
703,Thomas,Henry,hernandezmadison@example.com,290.656.7086x70090,Turks and Caicos Islands,South Michael,2023-11-12
704,Christopher,Ramsey,alyssa66@example.net,236-724-8355,Georgia,Port Barbara,2022-08-04
705,Angela,Williams,nbrown@example.org,(699)287-9509x82210,Vanuatu,Port Peterhaven,2022-12-10
706,Pamela,Herman,greenjessica@example.net,(387)873-8363,Ethiopia,East Emily,2023-01-05
707,Heather,Montgomery,jessica89@example.net,+1-646-642-0362x58631,Belize,Marksfurt,2023-08-27
708,Sonia,Welch,michaelchristensen@example.com,5262355824,Paraguay,South Nicholaschester,2023-08-08
709,Michelle,Palmer,ingramjessica@example.com,288.782.4527,Argentina,Gloriaton,2023-08-26
710,John,Hendricks,taraholloway@example.org,949.351.6321x11978,Mayotte,New Theresabury,2024-12-07
711,Christopher,Shelton,zrobinson@example.net,830-260-1198x75617,Algeria,East Lori,2022-07-15
712,Brenda,Cook,irodriguez@example.net,503.865.7744x91609,Heard Island and McDonald Islands,Denniston,2022-09-26
713,Larry,Jones,pittsdanielle@example.net,818-543-3687x5092,Chile,East Catherine,2024-07-24
714,Dylan,Allen,matthew61@example.org,904-828-8605x053,Japan,Burchton,2024-08-14
715,Heather,Wilson,ronaldbradford@example.org,208.835.6691,Cape Verde,Jonesborough,2022-11-02
716,Stephanie,Saunders,priscilla50@example.com,682.669.1776x82938,San Marino,North Johnside,2022-06-07
717,Laura,Galloway,matthewyoung@example.net,+1-382-260-3359,Bosnia and Herzegovina,Shannontown,2024-12-26
718,Lynn,Romero,prattjustin@example.org,8748926999,Trinidad and Tobago,Mariamouth,2022-10-17
719,Pamela,Phillips,beth93@example.org,591-640-8499x32312,Slovakia (Slovak Republic),Port Tanya,2024-02-17
720,Anne,Yu,russellholly@example.net,526.717.6072x3483,Paraguay,Debrahaven,2023-01-01
721,Diane,Hoffman,hufftina@example.org,(761)429-9650x826,Jordan,Claytonside,2024-01-15
722,Ashley,Cooper,mcleanjay@example.net,861.423.8595x1434,Dominican Republic,Melissaview,2025-01-27
723,Rachel,Bond,timothywalker@example.org,+1-586-796-6101x68311,Swaziland,North Sierrafurt,2024-08-27
724,Brian,Wong,cartercatherine@example.net,607-662-8397x62053,Andorra,Alexanderport,2024-01-27
725,Francis,Klein,umcclure@example.com,001-362-692-5081x77602,Angola,Zunigaside,2023-07-13
726,Carlos,Lee,shawndavis@example.org,352-335-6178x17032,Netherlands,North Noah,2023-05-06
727,Karen,Young,david78@example.net,(261)433-7184x449,Tonga,Brandonfurt,2023-08-30
728,William,Dudley,reynoldsjustin@example.org,473.941.6781,Saint Vincent and the Grenadines,Contrerasburgh,2023-03-16
729,Charles,Flowers,humphreypatricia@example.net,+1-721-934-8629,Slovenia,Hallchester,2023-05-25
730,Nancy,Ryan,charlesgregory@example.net,960-953-9707x98661,Reunion,South Michellefort,2023-06-01
731,Rachel,Holmes,michellesmith@example.org,(282)712-2355x2165,Mauritius,Gilesview,2024-02-19
732,Ashley,Oconnor,charlesduncan@example.com,001-567-890-8984,Nigeria,Kristatown,2023-01-31
733,David,Sellers,lauren93@example.net,+1-769-348-4249,Oman,West Michaelside,2024-07-27
734,Stephen,Patrick,dominguezscott@example.com,(438)267-6738,Vietnam,Hillland,2025-01-08
735,Bryan,Burton,isimpson@example.com,(582)999-6872x2589,San Marino,Port Dawnmouth,2025-04-23
736,Alice,Ross,faithsparks@example.com,2402566957,Peru,East Joshuaside,2023-02-28
737,Kimberly,Cooper,joseph28@example.com,696.832.5942x328,Switzerland,Port Shelia,2024-09-25
738,Susan,Bradshaw,petersonfrank@example.org,+1-552-585-7256x29269,Guam,Curtishaven,2022-11-11
739,Ann,Myers,anthony78@example.com,(385)309-5744x3034,Vanuatu,South Carolburgh,2022-08-11
740,James,Whitaker,brandi40@example.org,(336)541-5471x553,Saint Lucia,West Christine,2023-04-29
741,Lisa,Alvarez,allenronald@example.com,7094421410,Korea,Gilbertville,2025-05-16
742,Brittany,Kennedy,jacobsmary@example.com,8454238885,Tuvalu,West Angela,2024-03-26
743,Robert,Sosa,csparks@example.net,844.722.7585x485,South Africa,Kristinport,2023-03-03
744,Wayne,Torres,poncelisa@example.com,402-300-0245x39313,South Georgia and the South Sandwich Islands,Mirandaland,2023-04-19
745,Adam,Morgan,boydcynthia@example.com,+1-821-844-4889,Namibia,Thomasbury,2024-03-18
746,Shane,Walsh,sball@example.net,(320)425-8254x31832,Comoros,East Jamesberg,2025-02-26
747,Adrian,Torres,brownjoanna@example.org,836.347.2387x50827,Papua New Guinea,Thompsonburgh,2023-11-25
748,Timothy,Flores,anna47@example.org,(329)805-2918x7683,Austria,Lake Scott,2022-12-04
749,Deanna,Thompson,mmcdaniel@example.com,001-539-892-0522x299,Turkmenistan,North Jessica,2023-10-20
750,Diane,Richards,joel82@example.org,(655)639-8358,Israel,South Jennymouth,2024-07-05
751,Jeffery,Morton,john09@example.com,449-479-1279x970,Kazakhstan,East Brianbury,2025-03-31
752,Rachel,Mcdonald,nhiggins@example.com,001-752-898-8322x012,Saint Lucia,New Jacobton,2022-08-08
753,Joseph,Spencer,gstone@example.net,553.258.5238x600,Fiji,Joelfurt,2025-02-26
754,Christopher,Armstrong,daniel15@example.org,291.302.9295,Gabon,South Joshua,2024-08-02
755,James,Salazar,rhondaray@example.com,239-471-9126,Saint Martin,North Jared,2022-11-30
756,Michelle,Bradshaw,wortiz@example.net,(301)491-1166,United States Minor Outlying Islands,North David,2022-07-19
757,Sean,Sharp,mrandolph@example.net,001-930-649-3665x3802,Singapore,East Kathyport,2023-02-28
758,Craig,Mitchell,igarrett@example.com,2955229462,Reunion,Virginiastad,2024-01-12
759,Mary,Jones,trujillojason@example.net,001-995-329-7013,Cambodia,Jamesstad,2024-09-30
760,Mark,Richardson,kathryn23@example.org,912-502-7061x592,Moldova,Ramirezburgh,2024-12-16
761,Christine,Ramos,reynoldsmichelle@example.org,(232)524-8155x42034,Bahamas,North Christinafurt,2024-07-10
762,Anne,Tate,yrichardson@example.com,+1-915-379-5546x234,Burundi,Steventown,2022-11-18
763,Bradley,Brown,robleswillie@example.org,306.983.1764,Central African Republic,Blackside,2022-06-20
764,Zachary,Burnett,seth29@example.org,001-215-907-1380x6713,Rwanda,West Christopher,2022-08-13
765,Lisa,Roberts,travis36@example.org,730-909-6258,Japan,Carlsonfort,2022-07-16
766,James,Hoffman,james39@example.com,(374)566-6215,Switzerland,Lake Melissa,2022-06-29
767,Antonio,Whitney,gperry@example.com,690-511-0797x71400,Mayotte,Port Jenniferview,2024-11-07
768,Aaron,Wright,stewartgeorge@example.com,+1-598-309-4976x987,Congo,Garzaville,2024-03-05
769,Patrick,Hawkins,curtis61@example.org,574.407.7943,Serbia,Samuelborough,2025-05-05
770,Tammy,Santiago,brandi19@example.com,2149262037,Svalbard & Jan Mayen Islands,North Christopher,2022-08-24
771,Mary,Guerrero,mccoydonna@example.com,981-435-9989,Ukraine,North Theresatown,2024-09-11
772,William,Matthews,sarah80@example.org,+1-764-548-2217,Montserrat,Comptonstad,2024-04-09
773,Sarah,Ryan,cainjordan@example.org,(375)471-2369x14961,Malawi,Craigshire,2023-07-25
774,Lacey,Greene,gcastro@example.org,369.870.4095x314,Bouvet Island (Bouvetoya),Ronaldfort,2024-10-04
775,Dawn,Thompson,emily88@example.org,865-817-9624x09649,Mayotte,Lake Joseph,2025-01-05
776,Ruben,Baker,edward70@example.org,+1-851-662-2593,Mauritius,North Wayne,2024-11-07
777,Susan,Osborne,amanda88@example.org,+1-306-824-6728x799,Angola,North Kevinborough,2022-11-22
778,Brenda,Sherman,michaelcampos@example.net,+1-223-661-3376x0523,Gibraltar,South Martintown,2023-02-12
779,Michael,Blanchard,tyler41@example.net,865-803-4409,Tanzania,South Karlafort,2022-09-09
780,Kelsey,Martinez,brooke98@example.net,6883067821,Kenya,Robertville,2023-05-17
781,Mary,Dean,qsims@example.net,(698)393-9698x74869,Greece,Briannamouth,2025-03-21
782,Brandon,Martinez,jenniferfrazier@example.org,+1-875-536-0511x71603,Italy,Johnberg,2022-11-02
783,Xavier,Green,carol67@example.org,6094942489,Australia,Samanthafurt,2025-04-25
784,Michelle,Floyd,areynolds@example.org,964-620-4565x77580,Seychelles,Tamiborough,2024-07-25
785,Linda,Johnson,johncasey@example.com,(762)526-5401x6599,Uzbekistan,North Heatherchester,2023-02-03
786,Melissa,Wilson,kellyrichmond@example.com,(677)346-2591x60112,Bermuda,Reneehaven,2023-06-25
787,Amanda,Holmes,aholder@example.net,4175986778,Tunisia,East Beckystad,2024-04-19
788,Sarah,Merritt,sean64@example.org,+1-561-821-2038x4375,Guatemala,Delacruzside,2022-08-13
789,Steven,Bell,miguelbaker@example.net,(742)618-3854,Australia,Lake Shirleyview,2023-09-17
790,Denise,Mitchell,jmorgan@example.org,912-332-7489,Korea,Santanafurt,2023-04-16
791,John,Carter,tracyjohnson@example.net,+1-362-817-5080,Egypt,West Markborough,2022-07-21
792,Paul,Gamble,markgardner@example.org,993-953-4001x816,Madagascar,Willieland,2024-03-21
793,Michael,Jackson,jonathan54@example.com,(208)738-5179x93781,Dominican Republic,East Amandahaven,2024-08-04
794,Donna,Sawyer,klara@example.net,(698)982-9045x79271,Pitcairn Islands,West Nicholas,2022-07-26
795,Lisa,Hensley,lpage@example.com,(538)339-7283,Canada,Lake Donnafort,2022-07-16
796,Philip,Montoya,tonyaholmes@example.net,2984322101,Denmark,North Allen,2025-05-09
797,Alexa,Murray,bwilson@example.net,+1-398-676-1081x4356,Bahamas,New Keith,2023-10-09
798,Debra,Davidson,lawrencekari@example.com,268-523-5469x510,Saint Martin,South Maryfurt,2023-03-10
799,Adam,Roth,sherry96@example.com,350-306-6664,American Samoa,Hendricksport,2022-10-12
800,Jenna,Padilla,valeriesmith@example.com,+1-251-269-9497,Heard Island and McDonald Islands,South Robert,2023-04-10
801,Kelly,Taylor,mmoore@example.com,3839868889,Marshall Islands,Harringtonland,2023-12-17
802,Anthony,Pratt,dwhite@example.org,001-476-809-3201,Turkmenistan,Shawnhaven,2024-11-12
803,Angie,Salas,fsmith@example.net,7953217558,Kuwait,Bryantland,2025-04-07
804,Julie,Freeman,yguzman@example.org,488-824-1996,Ethiopia,East Donald,2024-06-10
805,Matthew,Matthews,tbrown@example.com,001-454-221-8545x7056,Tanzania,East Megan,2023-12-22
806,Tyler,Smith,hurleybrandon@example.net,(435)764-0723x2472,Tuvalu,Adamland,2024-06-23
807,Abigail,Dougherty,eugenegreen@example.com,912.361.6850,Bahamas,Sherryton,2022-10-20
808,Darren,Watson,bishopmegan@example.org,+1-215-226-1053x70923,Kyrgyz Republic,Port Russellmouth,2025-04-22
809,Alexis,Krueger,rebecca18@example.net,585-843-2987x6989,Guatemala,New Jonathan,2024-06-02
810,Katie,Gutierrez,chunglaura@example.net,(673)748-1310,Aruba,West Kim,2025-03-27
811,Cheryl,Walker,caseystafford@example.org,001-857-248-3526x8064,Samoa,Westshire,2024-09-28
812,Jeffery,Robbins,patricia88@example.org,+1-242-753-6462,Grenada,South Lisaview,2025-05-29
813,Brendan,Ward,michael56@example.org,392.209.0855,Lithuania,Jessicaville,2023-05-28
814,Cory,Miller,fordwilliam@example.com,490-425-4760,North Macedonia,South Jenniferstad,2023-05-29
815,Leslie,Gillespie,holly12@example.org,422-875-9500,Senegal,North Luismouth,2023-04-29
816,Michelle,Arias,tammy94@example.com,+1-295-707-4071x7327,Russian Federation,Dawnbury,2025-03-31
817,Karen,Jones,haaskeith@example.net,+1-534-803-9104x520,Aruba,Calebside,2023-09-08
818,Courtney,Browning,veronicarogers@example.net,+1-828-355-3595x205,Antigua and Barbuda,South Tamarashire,2024-11-13
819,Alexander,Smith,jhahn@example.org,686-477-4037,Saint Barthelemy,Lake James,2023-08-22
820,Kristopher,Hale,michelle00@example.com,576.825.5032x5017,Germany,Davidfurt,2023-03-12
821,Justin,Stevens,isaiah02@example.net,001-223-234-5110,Norway,Combston,2023-12-05
822,John,Walsh,pdixon@example.org,(211)666-7329,Ukraine,Susanmouth,2023-10-31
823,Karen,Ferrell,kmorris@example.org,529-596-4260,Italy,Port Alan,2025-05-13
824,Donald,Wood,chrismurray@example.com,5922071152,Cocos (Keeling) Islands,South Jackie,2023-02-16
825,Corey,Pope,carlosmeadows@example.net,389-370-5916,Macao,Lewisstad,2023-10-29
826,Andrea,Miller,ashley77@example.org,001-516-388-0053x789,Mexico,Franklinberg,2024-07-28
827,Regina,Mendoza,lindahill@example.com,4185227200,Nicaragua,Amandabury,2022-12-27
828,Elaine,Moore,christopher47@example.com,+1-232-481-1659x9302,Argentina,North Joshua,2025-05-16
829,Edward,Phelps,jenniferjimenez@example.org,001-813-653-0281x650,Indonesia,North Evelyn,2022-08-28
830,Maxwell,Mcguire,sarahgonzales@example.com,(369)819-8321x029,Pitcairn Islands,South Kennethton,2023-02-02
831,Brandi,Sosa,davidglover@example.com,384.519.6622,Wallis and Futuna,South Tommyhaven,2022-08-25
832,Michael,Grant,tanya66@example.com,001-606-636-2198x65504,French Southern Territories,South Tammyfurt,2023-04-01
833,Gail,Jacobs,jenniferbradley@example.com,8494627322,Jordan,North Kennethberg,2023-07-02
834,Javier,Jenkins,samantharodgers@example.net,+1-954-321-8808,Saint Vincent and the Grenadines,Hernandezbury,2023-09-26
835,Rebecca,Dawson,mbaker@example.net,532-247-2505x83334,Sudan,North Christian,2023-12-20
836,Melinda,Rice,ujohnson@example.com,(576)794-7576x945,Dominican Republic,Woodfort,2023-07-25
837,Phillip,Velazquez,erivers@example.com,242.712.5450,Uzbekistan,Williammouth,2023-03-14
838,Kathleen,Carlson,kristin59@example.com,(347)621-3074x2359,Cocos (Keeling) Islands,Martinezport,2022-08-20
839,Whitney,Mckay,johnmerritt@example.com,545-943-0796,Czech Republic,Lake Rebeccatown,2024-09-06
840,Debbie,Simon,wbentley@example.org,(711)458-7184,Cote d'Ivoire,Lisaview,2023-02-28
841,Ryan,Bullock,rgreen@example.net,+1-970-917-3208x65237,Bulgaria,Rossmouth,2024-02-21
842,Jacob,Mcdonald,ramirezbryan@example.org,001-952-478-1055x80002,Saint Lucia,North Kyle,2023-10-09
843,Steven,Bradford,davidjohnson@example.com,291.536.8172,British Virgin Islands,South Cindy,2023-11-27
844,Jenna,Holmes,uthompson@example.org,+1-429-473-5259x533,Canada,Perezborough,2024-08-19
845,Carrie,Thompson,michael73@example.com,923.866.1850,Bermuda,New Theresaton,2024-08-02
846,Jacob,Lawson,duranlindsay@example.org,(401)307-1261x5838,Togo,Wadechester,2023-07-12
847,Amanda,Scott,umendoza@example.com,001-642-423-3222x80194,Guatemala,Lake Lisa,2025-04-29
848,Crystal,White,richard62@example.net,935-606-3731x18046,Bosnia and Herzegovina,North Todd,2023-10-02
849,Jermaine,Hansen,kelsey85@example.org,8135626084,Montserrat,Sandovalfurt,2022-09-06
850,Lee,Hill,uwilliams@example.com,001-312-715-1641,Greenland,Nelsonshire,2025-04-06
851,Christopher,Le,brittanyhayes@example.com,(320)970-2042x620,Bhutan,Lake Dorothy,2023-01-18
852,Kyle,Everett,karenjordan@example.net,(878)997-6098x7312,Uganda,Hallburgh,2022-12-21
853,Samuel,Price,stevensmatthew@example.net,389.878.6533x94319,Greenland,Jacobhaven,2025-04-09
854,Jessica,Lane,hunter12@example.org,(619)615-0576,Mongolia,Marshport,2024-06-14
855,Adam,Williams,roberthoffman@example.com,848-567-6497x9741,Hungary,Ronaldton,2023-07-04
856,Michaela,Johnson,usanchez@example.net,473.909.6496,Kazakhstan,North Nicoleshire,2025-03-05
857,Michael,Hudson,nwalker@example.org,001-959-870-2551x282,Peru,South Kevin,2022-09-29
858,Melissa,Mendez,cheryl54@example.com,+1-863-545-4434x41491,Sao Tome and Principe,Port Janice,2023-07-06
859,Joshua,Hayes,baileynelson@example.com,408-982-2309x586,Saint Kitts and Nevis,New Elizabeth,2024-09-05
860,Dawn,Khan,cory21@example.org,001-597-620-2170x75485,Norfolk Island,Woodfort,2024-11-25
861,David,Strickland,sanchezbrad@example.com,001-264-261-2939,Cambodia,Danielville,2023-04-12
862,Jessica,Murray,hlin@example.net,+1-563-359-5708x619,Eritrea,Angelaborough,2023-07-07
863,Heather,Sanders,christopherwalker@example.net,+1-450-234-2362,Togo,East Kyle,2023-08-28
864,Isaac,Russell,smithjesse@example.com,001-696-886-8008x529,Sao Tome and Principe,East Olivialand,2025-02-28
865,Elaine,Freeman,caleb43@example.org,635-802-3850x2289,India,Howardmouth,2023-02-02
866,James,Anderson,cindyhall@example.org,5252691330,Cyprus,West Ricky,2024-04-15
867,Carlos,Schwartz,xlogan@example.org,762.579.9553x024,Azerbaijan,East Reneeshire,2024-10-10
868,Kayla,Cabrera,jimmyrobinson@example.net,(302)984-7190,Saint Barthelemy,East Dorothy,2022-12-22
869,Kelly,Ibarra,gonzalesnatasha@example.com,487-617-7546x199,Australia,Wardside,2023-05-19
870,Amanda,Knapp,kristinaharrison@example.org,681-422-5909x56684,Yemen,South John,2023-03-18
871,Shannon,Hammond,bauercory@example.org,801-287-8035,Paraguay,South Melissafort,2023-08-26
872,Heather,Yates,carmengomez@example.net,+1-494-952-9517x122,Yemen,Goodmanbury,2023-05-08
873,Angela,White,wardkeith@example.org,562-265-4963,Puerto Rico,East Theresa,2023-08-31
874,Kevin,Wiley,torresmary@example.com,799.350.4702x05968,New Zealand,Jakemouth,2024-07-10
875,Jonathan,Miles,raywalters@example.org,(995)763-4277,South Africa,East Rhonda,2024-10-28
876,Eric,Barnes,fbailey@example.org,+1-820-559-2294x115,Armenia,New Louis,2025-03-28
877,Jacqueline,Morales,qsanchez@example.net,(362)794-2066,Panama,Cindytown,2025-02-28
878,Elizabeth,Morgan,jamierodriguez@example.net,+1-300-449-8321,Thailand,North Stephanie,2023-02-23
879,Kimberly,Watson,william15@example.net,(368)368-7640,Marshall Islands,Joseside,2022-08-29
880,Pedro,Zhang,marynunez@example.org,(829)687-7873x5856,Yemen,Curryville,2024-12-11
881,Ryan,Anderson,donna19@example.org,001-462-621-3204x104,Martinique,Port Teresa,2023-08-11
882,Jessica,Pace,davismichelle@example.com,(369)499-9498,Malaysia,North Jill,2022-06-30
883,Brian,Golden,vortiz@example.net,001-520-300-5328x5386,Afghanistan,Crystalmouth,2023-03-05
884,Joseph,Mercado,andreasmith@example.com,+1-926-892-9900,Martinique,Martinmouth,2024-04-07
885,Sarah,Hodge,meganhaney@example.org,896.933.7618x51862,Bosnia and Herzegovina,South Andrea,2022-11-15
886,Aaron,Jones,elizabethmoody@example.org,992.318.8352,Marshall Islands,Nguyentown,2024-02-20
887,Stephanie,Olson,cdavis@example.com,001-959-820-8814x31927,Brazil,Hullville,2023-11-29
888,Tara,Barnes,amberevans@example.net,320.426.6568x6295,Gibraltar,Harrishaven,2024-12-07
889,Ariana,Farley,mark94@example.net,(807)642-9907x47296,Bahrain,Andrewsfurt,2024-06-21
890,Andrew,Smith,rparker@example.com,685-399-4641x839,Isle of Man,Sanchezmouth,2024-08-14
891,Sherry,Cooper,iquinn@example.net,264-498-0445,Panama,Liumouth,2023-02-20
892,David,Clay,martindonald@example.com,4666489008,Martinique,Michaelville,2023-05-09
893,Aaron,Wiley,nancyballard@example.com,548.283.9974x1856,Canada,Kramertown,2022-08-12
894,Aaron,Williams,jennifer61@example.net,001-695-830-5641x84937,Kiribati,New Kathleentown,2025-03-11
895,David,Kennedy,zhumphrey@example.org,6136651034,Zambia,Davidton,2024-02-01
896,Timothy,Ortega,zhansen@example.com,(840)962-2155,Burundi,Sarahburgh,2023-03-13
897,Sheila,White,riverajason@example.net,+1-747-504-7476x4845,Netherlands Antilles,Nguyenville,2023-05-26
898,Amanda,Edwards,irivas@example.com,953-512-9003x62211,Uzbekistan,Lake Tara,2024-07-07
899,Eric,Barton,christinapeters@example.net,+1-358-752-2942x52516,Liechtenstein,Christinamouth,2022-09-11
900,Brian,Hendricks,coxcarol@example.com,674.347.3535x247,Syrian Arab Republic,Wilsonshire,2023-09-09
901,Jacqueline,Whitney,sgonzalez@example.net,505.337.8803,Marshall Islands,South Christopher,2022-09-14
902,Haley,Allen,ronaldjohnson@example.com,882.481.5278x73048,Germany,West Huntermouth,2025-05-09
903,Kevin,Murphy,saradaniel@example.com,301.989.1567x34467,Kenya,Mahoneyshire,2024-02-07
904,Brianna,Brown,jeffrey62@example.net,+1-294-266-4509x999,Bouvet Island (Bouvetoya),New Caitlinmouth,2024-06-14
905,Jeremy,Smith,marissasutton@example.com,(411)689-6844,Iceland,Jillhaven,2024-08-10
906,Kenneth,Potter,caguilar@example.org,+1-357-259-5828,Christmas Island,North Scott,2024-11-22
907,Steven,Ryan,wilkinskevin@example.net,697.617.0598,Uzbekistan,Lisaview,2023-04-16
908,Ronald,Hodges,alexandramyers@example.net,812-330-3885,Singapore,New Johnfort,2024-09-13
909,Christopher,Landry,barbara09@example.net,001-892-517-7905x5286,Cyprus,Christophermouth,2024-07-22
910,Amanda,Smith,awoodward@example.net,432-960-1193x91038,Gambia,Lake Michelle,2023-11-25
911,David,Cummings,berryhannah@example.com,+1-618-510-4502,Rwanda,Clarkland,2023-11-15
912,Sarah,Pope,wharris@example.com,(571)535-8969,Guinea,Port Christine,2025-05-29
913,Adrian,Cook,theresa61@example.com,+1-747-731-5663x9792,Somalia,North Noahbury,2024-01-31
914,Sue,Austin,marybartlett@example.com,627.402.8966x6053,Mali,South Lindsayview,2022-09-14
915,Lisa,Vega,johnsondaniel@example.net,553.258.4640x510,Burkina Faso,Bairdtown,2023-07-15
916,Douglas,Barnes,gtaylor@example.org,844-271-8939x530,Italy,Moralestown,2024-10-31
917,Glenn,Wagner,sheena87@example.com,851-335-8727x17430,Solomon Islands,Port Patrickview,2022-07-24
918,James,Valentine,hunterjamie@example.com,358.533.3647x704,Saint Barthelemy,New Alexanderville,2023-11-24
919,James,Petersen,lcosta@example.net,(462)554-2041,Uganda,New Austinstad,2024-04-29
920,Steven,Smith,carl07@example.net,001-341-293-2453,Nigeria,Kleinport,2022-10-31
921,Stephanie,Mclean,karenstephens@example.com,5984726496,Christmas Island,Christianfort,2023-09-06
922,Laura,Lopez,bakerpamela@example.net,+1-832-361-1890x03468,Portugal,Lewisfort,2022-06-18
923,Edward,Ross,brianconrad@example.org,7955366219,Ireland,North Matthewfort,2024-12-25
924,Lawrence,Brown,vsanchez@example.net,9074397130,Central African Republic,North Jamesfurt,2024-10-26
925,Blake,Hicks,riostyler@example.org,404-354-6171,Lebanon,South Jonathanbury,2024-02-22
926,Brian,Good,katherinecarter@example.org,(552)616-0252,Saudi Arabia,East Stephanietown,2024-11-22
927,Joseph,Harmon,esalinas@example.org,(390)932-6551x3276,Netherlands,Jennifertown,2025-04-16
928,Dennis,Gould,breanna51@example.com,3214191589,Sri Lanka,Fernandezfurt,2025-05-27
929,Justin,Obrien,jscott@example.com,262.537.6008x84474,Kazakhstan,New Danielton,2024-07-01
930,Kelly,Mathis,christopherturner@example.org,(898)636-9235x3484,Kiribati,New Ericbury,2024-11-07
931,Tammy,Ortiz,ryan20@example.org,523-572-0550,Afghanistan,North Andrewhaven,2024-01-06
932,John,Carter,lchavez@example.org,+1-200-288-9911x416,Mozambique,South Ashleyberg,2023-05-31
933,Dominic,Simpson,lharmon@example.net,+1-697-390-6085,Western Sahara,Castilloview,2024-01-24
934,John,Williams,gabrielle36@example.org,737-611-8151,Greenland,Port Ashley,2023-09-23
935,Edward,Smith,linda01@example.com,853.646.6075,Finland,Michellechester,2024-04-16
936,Eddie,Brown,piercejoseph@example.net,001-202-481-8223x8794,Uganda,Taylorhaven,2023-11-20
937,Vincent,Jones,haley27@example.org,(436)342-3570x041,Sierra Leone,New Jacqueline,2022-11-13
938,Ana,Parks,fullerkristie@example.com,(290)646-1007x923,Japan,Johnsonland,2022-12-15
939,Anna,Boyd,fmiller@example.net,001-723-229-6151x2048,Luxembourg,Grahammouth,2023-05-14
940,Stephanie,Ingram,larry04@example.net,(327)763-4601,Dominica,West Victorborough,2023-09-23
941,Travis,Hernandez,michaelwoodward@example.org,868.822.5127x2670,Romania,Donovanfurt,2023-01-23
942,Melissa,Hill,huberchristine@example.com,(787)284-9477x12903,Argentina,Proctorville,2024-07-31
943,Kevin,Cunningham,teresa23@example.com,734-804-6682x121,Tajikistan,Cassandrastad,2023-02-09
944,Michael,Andrews,andreross@example.net,441-911-9738x818,Egypt,Port Elizabethbury,2023-09-19
945,Jeremiah,Byrd,vincent82@example.net,888-649-6806,Tonga,West Melanieville,2022-08-06
946,Hunter,Martin,larry41@example.net,(830)216-0498,Swaziland,South Douglas,2025-02-21
947,Monica,Cruz,harrisbryan@example.net,319.378.9990,Sri Lanka,Antoniotown,2023-04-22
948,Kenneth,Zuniga,allenkaren@example.com,001-619-378-6016x2590,Mozambique,Meganmouth,2024-08-21
949,Mark,Diaz,fullerchase@example.com,935-482-1072x88780,Slovakia (Slovak Republic),Georgeton,2023-05-18
950,Taylor,Dougherty,simmonsangela@example.net,697-922-3996,Liechtenstein,New Jamesmouth,2023-05-18
951,Billy,Johns,yoderadam@example.com,+1-408-655-7800,Paraguay,Jamesberg,2023-04-27
952,Nancy,Maynard,taramartinez@example.net,9692685746,Iceland,Flemingstad,2022-09-10
953,Samuel,Vaughn,belindahaas@example.com,001-921-250-1642x610,Cuba,West Brandon,2025-03-03
954,Alexandra,Scott,julianlewis@example.net,001-519-283-9248x481,Algeria,Robertachester,2024-12-19
955,Lisa,Jones,stewartjeremy@example.org,851-567-5864,Djibouti,Jesseside,2022-10-18
956,Clarence,Nguyen,gilmorejoshua@example.com,(342)478-9615x73855,Mayotte,South Rebeccamouth,2022-10-30
957,Dennis,Vargas,vhunter@example.com,626-809-7236x024,Senegal,Kelseychester,2024-05-18
958,Taylor,Johnson,alexanderanthony@example.org,5879156478,Papua New Guinea,East Connormouth,2023-09-19
959,Tiffany,Moreno,pamelaphillips@example.org,885-472-6029x2546,Uganda,Lopezhaven,2023-09-09
960,Wendy,West,aking@example.com,+1-463-727-1353x8676,Netherlands,East Patricia,2024-03-30
961,Jennifer,Huff,russellemily@example.org,288-769-3205x534,Solomon Islands,Lake Aliciaberg,2024-06-05
962,James,Barnes,kruegermark@example.com,(740)753-5670x78977,Equatorial Guinea,South Melissa,2024-11-27
963,Janet,Johnson,dylan27@example.org,(927)732-0222x7111,Pakistan,Simmonsville,2024-07-03
964,Daniel,Martin,eric85@example.org,248-569-8305x2169,Myanmar,East Anthony,2023-03-06
965,Julie,Cooley,davistiffany@example.com,(364)971-0680,Kyrgyz Republic,East Lindaland,2024-02-11
966,Sandra,Griffin,beasleygina@example.org,393-932-6724x4693,Cayman Islands,Kimberlychester,2023-06-10
967,Ruth,Smith,susanjohnson@example.com,001-554-402-5998x51939,Kyrgyz Republic,Port Trevor,2024-09-17
968,Michelle,Moore,shortjeffrey@example.net,8497602667,Swaziland,South Michelle,2024-10-06
969,Deanna,Kelly,briannabaker@example.net,+1-795-807-0886x4067,Tanzania,East Bradleytown,2025-03-29
970,Jennifer,Garcia,brookemartin@example.org,(443)490-4489x093,Guernsey,East Jamie,2022-06-10
971,Susan,Sanchez,williamslisa@example.net,650-519-3545x03698,Nigeria,Port Kimberly,2023-03-26
972,Nancy,Phillips,phillipmartin@example.com,(408)605-9831,Sao Tome and Principe,Christophershire,2022-08-28
973,Sean,Cook,nedwards@example.net,+1-620-712-3763x177,Fiji,North Rebecca,2024-01-17
974,Ian,Hampton,danielle93@example.com,891-492-2671x31753,Western Sahara,Wyattview,2024-06-04
975,Lucas,Contreras,gking@example.org,001-609-761-7300x992,Tunisia,West Bruce,2023-02-13
976,Janet,Brown,michellegomez@example.com,243-921-9143,Libyan Arab Jamahiriya,Littleview,2024-05-24
977,Catherine,Martinez,michelle21@example.net,+1-634-958-1920,Lithuania,South Trevorfurt,2024-11-08
978,James,Clark,katherinechapman@example.net,(751)759-0257x84640,Saint Pierre and Miquelon,Port Joanne,2023-02-21
979,Teresa,Flores,epage@example.org,(720)784-6729x2543,Belgium,Jacksonburgh,2023-02-23
980,Isaiah,Bell,fergusonmichael@example.net,+1-362-447-2863x9420,Somalia,East Sandra,2022-10-13
981,Karl,Berry,frenchcatherine@example.net,(862)570-2660x45095,Colombia,South Maryton,2022-06-29
982,Jennifer,Mendez,mclaughlinchristopher@example.org,953.389.2224,Benin,South Melissa,2025-05-14
983,Brandon,Hanna,stevenhopkins@example.com,(746)216-0762x6438,American Samoa,Jeremyburgh,2023-04-06
984,Joseph,Davis,ohopkins@example.net,333-861-0944,French Southern Territories,East Jennifer,2024-01-25
985,Michael,Yoder,darren37@example.org,676.485.7606x349,Nigeria,Port Joshuachester,2022-09-15
986,Thomas,Garrison,huntscott@example.org,999.693.2420x2483,Ethiopia,Christianfort,2023-02-16
987,Jeffery,Reed,laura86@example.net,879-202-5485x362,Fiji,Thompsonhaven,2024-04-03
988,Jessica,Adams,krauseaaron@example.com,685.557.4216,Gibraltar,Port Laurenshire,2023-05-08
989,Thomas,Jones,fwilliams@example.net,+1-861-843-7884x4370,Belize,Bridgesstad,2024-03-06
990,Jonathan,Gutierrez,yanderson@example.org,(481)954-1858x9900,Lebanon,New Megan,2022-06-17
991,Kimberly,Parker,terrydebra@example.net,(604)835-6605x0337,Nauru,East Anthony,2024-06-19
992,Deanna,Wade,roththomas@example.org,+1-322-226-6794,Sierra Leone,Romerohaven,2024-03-30
993,Mark,Shaw,erica06@example.com,001-739-263-4289x87605,Tanzania,Ashleyberg,2022-11-30
994,Heather,Brown,whubbard@example.org,+1-367-806-6320,Serbia,New Sarah,2025-04-15
995,Paula,Smith,sherrycarpenter@example.org,001-589-919-8271x82653,Bermuda,Mclaughlintown,2024-09-06
996,Rodney,Rivas,george94@example.org,2393831354,Finland,Kimberlychester,2024-04-28
997,Anthony,James,bryanmorgan@example.net,630.554.9824x388,Sudan,Lake Dwayneland,2024-05-23
998,Jenny,Rodriguez,ashaw@example.com,+1-464-331-5890x1649,Greenland,East Sheilaton,2022-11-24
999,Thomas,Giles,robertevans@example.com,4308880817,Canada,New Sonya,2024-10-01
1000,Glenn,Berg,marissa85@example.org,+1-807-228-8959x27411,Jamaica,Lake Carolfurt,2022-11-18
